0.000000 -0.000000 456.000000 -0.000000 0.000000 -0.000000 483.219330 483.219457 483.219676 483.219812 483.219608 483.219662
0.000000 -0.000000 456.000000 -0.000000 0.000000 -0.000000 483.219330 483.219457 483.219676 483.219812 483.219608 483.219662
0.000000 -0.000000 455.999999 -0.000000 0.000001 -0.000001 483.217637 483.218220 483.219227 483.219855 483.218915 483.219163
0.000000 -0.000000 455.999998 -0.000000 0.000001 -0.000002 483.216879 483.217666 483.219027 483.219874 483.218605 483.218939
0.000000 -0.000000 455.999997 -0.000001 0.000001 -0.000003 483.215529 483.216679 483.218669 483.219908 483.218053 483.218541
0.000000 -0.000000 455.999997 -0.000001 0.000002 -0.000003 483.214932 483.216243 483.218511 483.219924 483.217809 483.218365
0.000000 -0.000000 455.999996 -0.000001 0.000002 -0.000004 483.213885 483.215478 483.218234 483.219950 483.217381 483.218057
0.000000 -0.000000 455.999996 -0.000001 0.000002 -0.000004 483.213430 483.215146 483.218114 483.219962 483.217195 483.217923
0.000000 -0.000000 455.999996 -0.000001 0.000002 -0.000005 483.212647 483.214573 483.217906 483.219982 483.216875 483.217692
0.000000 -0.000000 455.999996 -0.000001 0.000002 -0.000005 483.212314 483.214330 483.217818 483.219990 483.216739 483.217594
0.000000 -0.000000 455.999995 -0.000001 0.000003 -0.000005 483.211755 483.213922 483.217670 483.220004 483.216510 483.217429
0.000000 -0.000000 455.999995 -0.000001 0.000003 -0.000006 483.211525 483.213754 483.217609 483.220010 483.216416 483.217361
0.000000 -0.000000 455.999995 -0.000001 0.000003 -0.000006 483.211152 483.213482 483.217511 483.220020 483.216264 483.217251
0.000000 -0.000000 455.999995 -0.000001 0.000003 -0.000006 483.211006 483.213374 483.217472 483.220023 483.216204 483.217208
0.000000 -0.000000 455.999995 -0.000001 0.000003 -0.000006 483.210781 483.213210 483.217412 483.220029 483.216112 483.217142
0.000000 -0.000000 455.999995 -0.000001 0.000003 -0.000006 483.210699 483.213150 483.217390 483.220031 483.216078 483.217118
0.000000 -0.000000 455.999994 -0.000001 0.000003 -0.000006 483.210585 483.213067 483.217360 483.220034 483.216032 483.217084
0.000000 -0.000000 455.999994 -0.000001 0.000003 -0.000006 483.210548 483.213040 483.217351 483.220035 483.216017 483.217073
0.000000 -0.000000 455.999994 -0.000001 0.000003 -0.000006 483.210508 483.213010 483.217340 483.220036 483.216000 483.217061
0.000000 -0.000000 455.999994 -0.000001 0.000003 -0.000006 483.210498 483.213004 483.217337 483.220036 483.215996 483.217059
0.000000 -0.000000 455.999994 -0.000001 0.000003 -0.000006 483.210494 483.213000 483.217336 483.220036 483.215994 483.217057
0.000000 -0.000000 455.999994 -0.000001 0.000003 -0.000006 483.210494 483.213000 483.217336 483.220036 483.215994 483.217057
0.000000 -0.000000 455.999994 -0.000001 0.000003 -0.000006 483.210489 483.212997 483.217335 483.220036 483.215993 483.217056
0.000000 -0.000000 455.999994 -0.000001 0.000003 -0.000006 483.210480 483.212991 483.217333 483.220037 483.215989 483.217053
0.000000 -0.000000 455.999994 -0.000001 0.000003 -0.000006 483.210440 483.212961 483.217322 483.220038 483.215972 483.217041
0.000000 -0.000000 455.999994 -0.000001 0.000003 -0.000006 483.210404 483.212935 483.217312 483.220039 483.215958 483.217031
0.000000 -0.000000 455.999994 -0.000001 0.000003 -0.000007 483.210292 483.212853 483.217283 483.220041 483.215912 483.216998
0.000000 -0.000000 455.999994 -0.000001 0.000003 -0.000007 483.210212 483.212794 483.217262 483.220043 483.215879 483.216974
0.000000 -0.000000 455.999994 -0.000001 0.000003 -0.000007 483.209994 483.212635 483.217204 483.220049 483.215790 483.216910
0.000000 -0.000000 455.999994 -0.000001 0.000003 -0.000007 483.209852 483.212531 483.217166 483.220053 483.215732 483.216868
0.000000 -0.000000 455.999994 -0.000002 0.000003 -0.000007 483.209492 483.212269 483.217071 483.220062 483.215585 483.216762
0.000000 -0.000000 455.999994 -0.000002 0.000003 -0.000007 483.209271 483.212107 483.217012 483.220067 483.215494 483.216697
0.000000 -0.000000 455.999993 -0.000002 0.000004 -0.000008 483.208737 483.211716 483.216871 483.220081 483.215276 483.216539
0.000000 -0.000000 455.999993 -0.000002 0.000004 -0.000008 483.208419 483.211484 483.216787 483.220089 483.215146 483.216446
0.000000 -0.000000 455.999993 -0.000002 0.000004 -0.000008 483.207676 483.210941 483.216590 483.220108 483.214842 483.216227
0.000000 -0.000000 455.999992 -0.000002 0.000004 -0.000009 483.207245 483.210627 483.216476 483.220119 483.214666 483.216100
0.000000 -0.000000 455.999992 -0.000002 0.000004 -0.000009 483.206259 483.209906 483.216215 483.220144 483.214263 483.215809
0.000000 -0.000000 455.999991 -0.000002 0.000005 -0.000010 483.205700 483.209497 483.216067 483.220158 483.214034 483.215644
0.000000 -0.000000 455.999991 -0.000002 0.000005 -0.000011 483.204439 483.208576 483.215733 483.220190 483.213518 483.215273
0.000001 -0.000000 455.999990 -0.000003 0.000005 -0.000011 483.203733 483.208060 483.215546 483.220208 483.213230 483.215065
0.000001 -0.000000 455.999989 -0.000003 0.000006 -0.000012 483.202164 483.206914 483.215131 483.220248 483.212588 483.214602
0.000001 -0.000000 455.999989 -0.000003 0.000006 -0.000013 483.201297 483.206280 483.214901 483.220270 483.212233 483.214347
0.000001 -0.000000 455.999987 -0.000003 0.000007 -0.000014 483.199388 483.204885 483.214396 483.220318 483.211453 483.213784
0.000001 -0.000000 455.999987 -0.000004 0.000007 -0.000015 483.198342 483.204122 483.214119 483.220345 483.211025 483.213476
0.000001 -0.000000 455.999985 -0.000004 0.000008 -0.000016 483.196062 483.202456 483.213515 483.220403 483.210093 483.212804
0.000001 -0.000000 455.999984 -0.000004 0.000009 -0.000017 483.194823 483.201550 483.213187 483.220434 483.209586 483.212439
0.000001 -0.000000 455.999983 -0.000005 0.000010 -0.000019 483.192140 483.199590 483.212477 483.220502 483.208489 483.211648
0.000001 -0.000000 455.999982 -0.000005 0.000010 -0.000020 483.190692 483.198532 483.212093 483.220539 483.207897 483.211221
0.000001 -0.000000 455.999979 -0.000006 0.000011 -0.000022 483.187575 483.196254 483.211268 483.220618 483.206622 483.210303
0.000001 -0.000000 455.999978 -0.000006 0.000012 -0.000024 483.185903 483.195032 483.210826 483.220661 483.205938 483.209810
0.000001 -0.000000 455.999976 -0.000007 0.000014 -0.000026 483.182322 483.192416 483.209878 483.220751 483.204474 483.208755
0.000001 -0.000000 455.999975 -0.000008 0.000014 -0.000027 483.180410 483.191019 483.209371 483.220800 483.203692 483.208191
0.000001 -0.000000 455.999972 -0.000009 0.000016 -0.000030 483.176335 483.188042 483.208293 483.220903 483.202026 483.206990
0.000001 -0.000000 455.999970 -0.000009 0.000017 -0.000032 483.174169 483.186459 483.207719 483.220958 483.201140 483.206352
0.000002 -0.000000 455.999967 -0.000010 0.000019 -0.000035 483.169571 483.183099 483.206502 483.221075 483.199259 483.204997
0.000002 -0.000000 455.999965 -0.000011 0.000020 -0.000037 483.167135 483.181320 483.205857 483.221137 483.198263 483.204279
0.000002 -0.000000 455.999961 -0.000013 0.000023 -0.000041 483.161984 483.177556 483.204493 483.221268 483.196157 483.202761
0.000002 -0.000000 455.999959 -0.000014 0.000024 -0.000043 483.159265 483.175569 483.203773 483.221337 483.195045 483.201960
0.000002 -0.000000 455.999955 -0.000015 0.000027 -0.000047 483.153533 483.171381 483.202255 483.221482 483.192701 483.200270
0.000002 -0.000001 455.999952 -0.000016 0.000029 -0.000049 483.150516 483.169177 483.201457 483.221559 483.191467 483.199381
0.000002 -0.000001 455.999947 -0.000019 0.000032 -0.000054 483.144174 483.164543 483.199778 483.221720 483.188873 483.197512
0.000002 -0.000001 455.999944 -0.000020 0.000034 -0.000056 483.140845 483.162110 483.198896 483.221804 483.187512 483.196531
0.000003 -0.000001 455.999939 -0.000023 0.000038 -0.000062 483.133866 483.157011 483.197048 483.221982 483.184658 483.194474
0.000003 -0.000001 455.999936 -0.000024 0.000040 -0.000064 483.130211 483.154340 483.196081 483.222074 483.183163 483.193397
0.000003 -0.000001 455.999929 -0.000027 0.000045 -0.000070 483.122566 483.148754 483.194057 483.222268 483.180037 483.191144
0.000003 -0.000001 455.999925 -0.000029 0.000047 -0.000073 483.118572 483.145836 483.192999 483.222370 483.178404 483.189967
0.000003 -0.000001 455.999918 -0.000033 0.000052 -0.000080 483.110235 483.139745 483.190792 483.222581 483.174994 483.187510
0.000004 -0.000001 455.999914 -0.000035 0.000055 -0.000083 483.105888 483.136569 483.189641 483.222692 483.173217 483.186229
0.000004 -0.000001 455.999906 -0.000039 0.000062 -0.000090 483.096832 483.129952 483.187244 483.222922 483.169513 483.183560
0.000004 -0.000001 455.999901 -0.000042 0.000065 -0.000094 483.092120 483.126508 483.185996 483.223041 483.167586 483.182171
0.000004 -0.000001 455.999892 -0.000047 0.000072 -0.000102 483.082318 483.119347 483.183401 483.223290 483.163578 483.179282
0.000004 -0.000001 455.999886 -0.000050 0.000076 -0.000106 483.077227 483.115626 483.182053 483.223419 483.161496 483.177782
0.000005 -0.000002 455.999876 -0.000056 0.000084 -0.000114 483.066654 483.107902 483.179254 483.223688 483.157172 483.174666
0.000005 -0.000002 455.999870 -0.000059 0.000089 -0.000119 483.061171 483.103895 483.177802 483.223827 483.154930 483.173050
0.000005 -0.000002 455.999858 -0.000066 0.000098 -0.000128 483.049802 483.095588 483.174792 483.224116 483.150281 483.169699
0.000005 -0.000002 455.999851 -0.000070 0.000103 -0.000133 483.043914 483.091286 483.173233 483.224265 483.147873 483.167964
0.000006 -0.000002 455.999838 -0.000078 0.000114 -0.000143 483.031724 483.082379 483.170006 483.224575 483.142888 483.164371
0.000006 -0.000002 455.999830 -0.000083 0.000120 -0.000148 483.025419 483.077772 483.168336 483.224735 483.140309 483.162513
0.000006 -0.000003 455.999815 -0.000093 0.000132 -0.000159 483.012383 483.068247 483.164885 483.225066 483.134979 483.158671
0.000006 -0.000003 455.999807 -0.000098 0.000139 -0.000165 483.005649 483.063327 483.163102 483.225237 483.132225 483.156686
0.000007 -0.000003 455.999790 -0.000109 0.000153 -0.000177 482.991742 483.053166 483.159420 483.225590 483.126538 483.152588
0.000007 -0.000003 455.999781 -0.000115 0.000161 -0.000184 482.984567 483.047923 483.157521 483.225772 483.123603 483.150473
0.000007 -0.000004 455.999762 -0.000128 0.000177 -0.000197 482.969767 483.037109 483.153602 483.226148 483.117551 483.146112
0.000007 -0.000004 455.999751 -0.000135 0.000186 -0.000204 482.962139 483.031536 483.151583 483.226341 483.114432 483.143863
0.000008 -0.000004 455.999730 -0.000150 0.000204 -0.000218 482.946421 483.020051 483.147421 483.226740 483.108004 483.139231
0.000008 -0.000004 455.999718 -0.000158 0.000214 -0.000225 482.938329 483.014138 483.145279 483.226946 483.104695 483.136846
0.000009 -0.000005 455.999695 -0.000174 0.000235 -0.000241 482.921671 483.001967 483.140869 483.227369 483.097883 483.131937
0.000009 -0.000005 455.999682 -0.000184 0.000246 -0.000249 482.913102 482.995706 483.138600 483.227586 483.094379 483.129412
0.000009 -0.000006 455.999655 -0.000203 0.000269 -0.000266 482.895482 482.982832 483.133935 483.228033 483.087173 483.124219
0.000009 -0.000006 455.999641 -0.000213 0.000282 -0.000274 482.886426 482.976215 483.131537 483.228263 483.083470 483.121550
0.000010 -0.000006 455.999611 -0.000235 0.000308 -0.000293 482.867821 482.962621 483.126612 483.228736 483.075861 483.116067
0.000010 -0.000007 455.999596 -0.000247 0.000322 -0.000302 482.858267 482.955640 483.124082 483.228978 483.071954 483.113251
0.000010 -0.000007 455.999563 -0.000271 0.000352 -0.000322 482.838656 482.941311 483.118890 483.229476 483.063934 483.107471
0.000011 -0.000008 455.999545 -0.000285 0.000368 -0.000332 482.828593 482.933958 483.116226 483.229731 483.059819 483.104506
0.000011 -0.000008 455.999509 -0.000313 0.000401 -0.000353 482.807953 482.918878 483.110761 483.230255 483.051379 483.098423
0.000011 -0.000009 455.999490 -0.000328 0.000419 -0.000364 482.797372 482.911146 483.107960 483.230524 483.047052 483.095304
0.000012 -0.000010 455.999449 -0.000359 0.000456 -0.000387 482.775683 482.895299 483.102218 483.231075 483.038182 483.088912
0.000012 -0.000010 455.999428 -0.000376 0.000476 -0.000399 482.764572 482.887180 483.099276 483.231357 483.033638 483.085638
0.000013 -0.000011 455.999383 -0.000411 0.000518 -0.000423 482.741814 482.870552 483.093251 483.231934 483.024332 483.078931
0.000013 -0.000011 455.999360 -0.000430 0.000540 -0.000436 482.730163 482.862039 483.090166 483.232230 483.019567 483.075497
0.000013 -0.000012 455.999311 -0.000470 0.000586 -0.000463 482.706316 482.844615 483.083852 483.232836 483.009815 483.068469
0.000014 -0.000013 455.999285 -0.000491 0.000611 -0.000477 482.694116 482.835700 483.080622 483.233145 483.004826 483.064873
0.000014 -0.000014 455.999230 -0.000535 0.000663 -0.000505 482.669159 482.817466 483.074015 483.233779 482.994620 483.057518
0.000014 -0.000015 455.999202 -0.000559 0.000690 -0.000520 482.656399 482.808142 483.070636 483.234103 482.989402 483.053758
0.000015 -0.000016 455.999142 -0.000608 0.000747 -0.000551 482.630315 482.789083 483.063730 483.234765 482.978735 483.046070
0.000015 -0.000017 455.999111 -0.000634 0.000777 -0.000567 482.616986 482.779344 483.060202 483.235103 482.973284 483.042142
0.000015 -0.000018 455.999045 -0.000689 0.000841 -0.000600 482.589755 482.759447 483.052992 483.235795 482.962148 483.034117
0.000016 -0.000019 455.999010 -0.000718 0.000874 -0.000617 482.575848 482.749286 483.049310 483.236148 482.956461 483.030018
0.000016 -0.000020 455.998939 -0.000779 0.000944 -0.000652 482.547451 482.728537 483.041792 483.236869 482.944849 483.021649
0.000016 -0.000021 455.998901 -0.000812 0.000981 -0.000671 482.532956 482.717947 483.037954 483.237237 482.938921 483.017377
0.000017 -0.000023 455.998822 -0.000879 0.001058 -0.000709 482.503376 482.696333 483.030123 483.237988 482.926825 483.008660
0.000017 -0.000024 455.998781 -0.000915 0.001099 -0.000729 482.488286 482.685307 483.026127 483.238371 482.920653 483.004212
0.000017 -0.000026 455.998694 -0.000989 0.001184 -0.000770 482.457505 482.662816 483.017978 483.239152 482.908066 482.995140
0.000017 -0.000027 455.998649 -0.001028 0.001228 -0.000791 482.441809 482.651348 483.013822 483.239551 482.901647 482.990515
0.000018 -0.000029 455.998555 -0.001110 0.001322 -0.000835 482.409810 482.627967 483.005350 483.240363 482.888561 482.981084
0.000018 -0.000030 455.998506 -0.001154 0.001371 -0.000858 482.393500 482.616051 483.001032 483.240777 482.881892 482.976277
0.000018 -0.000032 455.998403 -0.001244 0.001473 -0.000905 482.360266 482.591768 482.992233 483.241621 482.868301 482.966483
0.000019 -0.000034 455.998349 -0.001291 0.001527 -0.000929 482.343335 482.579397 482.987751 483.242051 482.861377 482.961493
0.000019 -0.000036 455.998238 -0.001390 0.001638 -0.000979 482.308850 482.554200 482.978621 483.242926 482.847275 482.951330
0.000019 -0.000038 455.998179 -0.001442 0.001697 -0.001005 482.291289 482.541369 482.973971 483.243372 482.840093 482.946154
0.000019 -0.000040 455.998057 -0.001551 0.001819 -0.001059 482.255537 482.515245 482.964506 483.244279 482.825473 482.935618
0.000020 -0.000042 455.997994 -0.001608 0.001884 -0.001087 482.237338 482.501948 482.959688 483.244741 482.818031 482.930254
0.000020 -0.000045 455.997862 -0.001726 0.002017 -0.001145 482.200303 482.474888 482.949882 483.245682 482.802885 482.919339
0.000020 -0.000046 455.997793 -0.001789 0.002087 -0.001174 482.181459 482.461120 482.944893 483.246160 482.795179 482.913786
0.000020 -0.000050 455.997650 -0.001918 0.002232 -0.001236 482.143126 482.433111 482.934744 483.247133 482.779503 482.902489
0.000020 -0.000051 455.997574 -0.001986 0.002308 -0.001268 482.123630 482.418865 482.929583 483.247628 482.771530 482.896743
0.000020 -0.000055 455.997420 -0.002127 0.002466 -0.001333 482.083984 482.389898 482.919086 483.248635 482.755318 482.885059
0.000020 -0.000057 455.997338 -0.002201 0.002548 -0.001367 482.063827 482.375170 482.913750 483.249146 482.747075 482.879118
0.000020 -0.000061 455.997171 -0.002354 0.002720 -0.001437 482.022855 482.345233 482.902902 483.250187 482.730319 482.867043
0.000020 -0.000063 455.997083 -0.002434 0.002809 -0.001474 482.002031 482.330017 482.897389 483.250715 482.721804 482.860906
0.000021 -0.000067 455.996902 -0.002601 0.002995 -0.001548 481.959718 482.299101 482.886186 483.251789 482.704500 482.848435
0.000021 -0.000069 455.996807 -0.002688 0.003092 -0.001587 481.938220 482.283393 482.880494 483.252335 482.695709 482.842100
0.000020 -0.000074 455.996611 -0.002868 0.003293 -0.001667 481.894553 482.251487 482.868933 483.253444 482.677851 482.829230
0.000020 -0.000076 455.996509 -0.002963 0.003398 -0.001708 481.872375 482.235282 482.863061 483.254007 482.668782 482.822694
0.000020 -0.000081 455.996298 -0.003158 0.003615 -0.001793 481.827340 482.202376 482.851138 483.255150 482.650365 482.809422
0.000020 -0.000084 455.996188 -0.003261 0.003729 -0.001837 481.804474 482.185669 482.845084 483.255730 482.641015 482.802683
0.000020 -0.000089 455.995961 -0.003472 0.003963 -0.001927 481.758060 482.151756 482.832796 483.256909 482.622034 482.789004
0.000020 -0.000092 455.995842 -0.003582 0.004086 -0.001974 481.734501 482.134542 482.826559 483.257507 482.612400 482.782061
0.000020 -0.000098 455.995598 -0.003810 0.004338 -0.002070 481.686694 482.099611 482.813901 483.258721 482.592849 482.767971
0.000019 -0.000101 455.995470 -0.003929 0.004470 -0.002119 481.662436 482.081887 482.807479 483.259336 482.582929 482.760822
0.000019 -0.000107 455.995208 -0.004175 0.004742 -0.002221 481.613225 482.045930 482.794450 483.260586 482.562805 482.746319
0.000019 -0.000111 455.995071 -0.004303 0.004884 -0.002274 481.588262 482.027690 482.787841 483.261219 482.552596 482.738962
0.000018 -0.000118 455.994790 -0.004567 0.005176 -0.002382 481.537636 481.990699 482.774437 483.262505 482.531893 482.724042
0.000018 -0.000121 455.994643 -0.004706 0.005329 -0.002439 481.511962 481.971940 482.767640 483.263156 482.521394 482.716475
0.000017 -0.000128 455.994341 -0.004990 0.005642 -0.002554 481.459909 481.933907 482.753859 483.264478 482.500107 482.701135
0.000017 -0.000132 455.994184 -0.005138 0.005806 -0.002613 481.433519 481.914625 482.746872 483.265148 482.489315 482.693357
0.000016 -0.000140 455.993861 -0.005443 0.006142 -0.002735 481.380029 481.875541 482.732710 483.266506 482.467441 482.677593
0.000016 -0.000144 455.993692 -0.005602 0.006318 -0.002798 481.352917 481.855732 482.725532 483.267194 482.456354 482.669602
0.000015 -0.000152 455.993347 -0.005929 0.006678 -0.002928 481.297980 481.815591 482.710987 483.268589 482.433888 482.653412
0.000014 -0.000157 455.993167 -0.006100 0.006866 -0.002995 481.270142 481.795251 482.703617 483.269295 482.422504 482.645207
0.000013 -0.000166 455.992797 -0.006450 0.007252 -0.003132 481.213748 481.754045 482.688686 483.270727 482.399442 482.628587
0.000013 -0.000170 455.992605 -0.006633 0.007452 -0.003203 481.185178 481.733170 482.681122 483.271452 482.387759 482.620167
0.000012 -0.000180 455.992211 -0.007008 0.007865 -0.003348 481.127317 481.690893 482.665803 483.272921 482.364097 482.603115
0.000011 -0.000185 455.992005 -0.007203 0.008079 -0.003423 481.098012 481.669481 482.658044 483.273665 482.352113 482.594478
0.000010 -0.000195 455.991585 -0.007603 0.008519 -0.003576 481.038675 481.626126 482.642335 483.275172 482.327847 482.576991
0.000009 -0.000200 455.991366 -0.007812 0.008748 -0.003656 481.008630 481.604172 482.634380 483.275934 482.315561 482.568136
0.000007 -0.000211 455.990918 -0.008239 0.009217 -0.003818 480.947809 481.559733 482.618277 483.277478 482.290688 482.550211
0.000006 -0.000217 455.990685 -0.008461 0.009461 -0.003902 480.917019 481.537235 482.610125 483.278260 482.278097 482.541137
0.000005 -0.000229 455.990207 -0.008917 0.009961 -0.004074 480.854706 481.491705 482.593628 483.279842 482.252615 482.522772
0.000004 -0.000235 455.989960 -0.009154 0.010221 -0.004163 480.823167 481.468661 482.585277 483.280643 482.239717 482.513477
0.000002 -0.000247 455.989452 -0.009639 0.010753 -0.004344 480.759353 481.422035 482.568383 483.282263 482.213621 482.494671
0.000001 -0.000254 455.989188 -0.009891 0.011029 -0.004438 480.727062 481.398441 482.559833 483.283082 482.200416 482.485154
-0.000001 -0.000267 455.988649 -0.010408 0.011595 -0.004630 480.661741 481.350713 482.542539 483.284741 482.173703 482.465903
-0.000003 -0.000274 455.988369 -0.010676 0.011888 -0.004728 480.628694 481.326567 482.533790 483.285580 482.160189 482.456163
-0.000005 -0.000288 455.987796 -0.011225 0.012489 -0.004931 480.561859 481.277732 482.516095 483.287276 482.132857 482.436466
-0.000006 -0.000295 455.987499 -0.011510 0.012801 -0.005035 480.528052 481.253031 482.507144 483.288135 482.119032 482.426503
-0.000009 -0.000310 455.986891 -0.012092 0.013438 -0.005248 480.459695 481.203085 482.489046 483.289870 482.091078 482.406357
-0.000010 -0.000318 455.986576 -0.012395 0.013769 -0.005358 480.425126 481.177826 482.479894 483.290748 482.076942 482.396169
-0.000013 -0.000334 455.985931 -0.013013 0.014445 -0.005583 480.355242 481.126764 482.461392 483.292522 482.048363 482.375573
-0.000015 -0.000342 455.985598 -0.013333 0.014795 -0.005699 480.319907 481.100946 482.452037 483.293419 482.033913 482.365159
-0.000018 -0.000359 455.984915 -0.013988 0.015511 -0.005935 480.248489 481.048764 482.433128 483.295232 482.004708 482.344111
-0.000019 -0.000367 455.984562 -0.014328 0.015882 -0.006057 480.212386 481.022384 482.423570 483.296148 481.989943 482.333471
-0.000023 -0.000385 455.983839 -0.015022 0.016640 -0.006306 480.139430 480.969077 482.404254 483.298001 481.960109 482.311970
-0.000025 -0.000394 455.983466 -0.015381 0.017032 -0.006435 480.102556 480.942135 482.394491 483.298937 481.945029 482.301103
-0.000028 -0.000413 455.982702 -0.016115 0.017833 -0.006697 480.028055 480.887700 482.374767 483.300828 481.914563 482.279146
-0.000030 -0.000423 455.982307 -0.016495 0.018248 -0.006832 479.990407 480.860192 482.364800 483.301784 481.899167 482.268051
-0.000034 -0.000443 455.981499 -0.017270 0.019094 -0.007108 479.914359 480.804626 482.344665 483.303714 481.868068 482.245638
-0.000037 -0.000453 455.981082 -0.017672 0.019532 -0.007250 479.875935 480.776551 482.334492 483.304690 481.852355 482.234314
-0.000041 -0.000474 455.980229 -0.018491 0.020426 -0.007539 479.798334 480.719850 482.313947 483.306660 481.820620 482.211444
-0.000043 -0.000485 455.979789 -0.018915 0.020888 -0.007689 479.759132 480.691207 482.303568 483.307655 481.804589 482.199891
-0.000048 -0.000507 455.978889 -0.019779 0.021830 -0.007993 479.679975 480.633369 482.282611 483.309665 481.772218 482.176562
-0.000050 -0.000519 455.978425 -0.020226 0.022317 -0.008150 479.639993 480.604156 482.272025 483.310680 481.755868 482.164779
-0.000056 -0.000542 455.977476 -0.021137 0.023311 -0.008469 479.559275 480.545178 482.250655 483.312729 481.722859 482.140990
-0.000058 -0.000554 455.976987 -0.021608 0.023824 -0.008633 479.518513 480.515395 482.239863 483.313764 481.706190 482.128977
-0.000064 -0.000579 455.975987 -0.022569 0.024870 -0.008969 479.436232 480.455274 482.218078 483.315852 481.672542 482.104727
-0.000067 -0.000592 455.975472 -0.023064 0.025410 -0.009141 479.394687 480.424919 482.207079 483.316907 481.655552 482.092483
-0.000072 -0.000618 455.974419 -0.024075 0.026511 -0.009493 479.310840 480.363655 482.184880 483.319036 481.621264 482.067772
-0.000075 -0.000631 455.973876 -0.024597 0.027079 -0.009673 479.268511 480.332726 482.173673 483.320110 481.603953 482.055297
-0.000082 -0.000659 455.972769 -0.025660 0.028237 -0.010042 479.183095 480.270316 482.151059 483.322279 481.569024 482.030124
-0.000085 -0.000673 455.972198 -0.026209 0.028834 -0.010231 479.139981 480.238814 482.139644 483.323373 481.551392 482.017418
-0.000092 -0.000702 455.971034 -0.027327 0.030051 -0.010617 479.052996 480.175257 482.116614 483.325582 481.515820 481.991782
-0.000095 -0.000717 455.970433 -0.027903 0.030678 -0.010816 479.009095 480.143180 482.104991 483.326696 481.497868 481.978844
-0.000102 -0.000747 455.969210 -0.029077 0.031956 -0.011220 478.920538 480.078474 482.081545 483.328944 481.461653 481.952745
-0.000106 -0.000763 455.968579 -0.029682 0.032614 -0.011428 478.875851 480.045823 482.069714 483.330079 481.443379 481.939575
-0.000114 -0.000794 455.967294 -0.030915 0.033955 -0.011851 478.785721 479.979968 482.045852 483.332367 481.406521 481.913012
-0.000118 -0.000811 455.966632 -0.031550 0.034645 -0.012068 478.740246 479.946741 482.033812 483.333521 481.387924 481.899610
-0.000126 -0.000844 455.965283 -0.032842 0.036051 -0.012511 478.648542 479.879736 482.009533 483.335849 481.350423 481.872584
-0.000130 -0.000861 455.964589 -0.033508 0.036775 -0.012738 478.602280 479.845934 481.997285 483.337024 481.331504 481.858950
-0.000139 -0.000897 455.963174 -0.034863 0.038248 -0.013201 478.509002 479.777779 481.972589 483.339392 481.293359 481.831459
-0.000143 -0.000915 455.962446 -0.035560 0.039006 -0.013439 478.461953 479.743401 481.960132 483.340586 481.274118 481.817593
-0.000153 -0.000951 455.960962 -0.036979 0.040549 -0.013922 478.367100 479.674096 481.935020 483.342994 481.235329 481.789639
-0.000157 -0.000970 455.960199 -0.037710 0.041343 -0.014171 478.319263 479.639143 481.922354 483.344209 481.215767 481.775540
-0.000167 -0.001009 455.958645 -0.039195 0.042957 -0.014676 478.222836 479.568687 481.896825 483.346657 481.176334 481.747122
-0.000172 -0.001029 455.957846 -0.039959 0.043788 -0.014935 478.174211 479.533159 481.883951 483.347891 481.156449 481.732792
-0.000183 -0.001069 455.956219 -0.041513 0.045476 -0.015462 478.076212 479.461554 481.858005 483.350379 481.116373 481.703910
-0.000188 -0.001090 455.955382 -0.042313 0.046344 -0.015733 478.026800 479.425450 481.844923 483.351633 481.096166 481.689347
-0.000199 -0.001132 455.953679 -0.043937 0.048109 -0.016283 477.927228 479.352696 481.818561 483.354161 481.055447 481.660002
-0.000205 -0.001154 455.952804 -0.044772 0.049017 -0.016566 477.877029 479.316017 481.805270 483.355436 481.034919 481.645208
-0.000216 -0.001198 455.951023 -0.046470 0.050860 -0.017140 477.775886 479.242116 481.778492 483.358003 480.993557 481.615399
-0.000222 -0.001220 455.950108 -0.047342 0.051808 -0.017434 477.724902 479.204863 481.764994 483.359298 480.972708 481.600373
-0.000235 -0.001266 455.948246 -0.049114 0.053733 -0.018033 477.622190 479.129815 481.737800 483.361905 480.930704 481.570103
-0.000241 -0.001290 455.947290 -0.050025 0.054722 -0.018340 477.570421 479.091989 481.724094 483.363219 480.909534 481.554846
-0.000254 -0.001338 455.945344 -0.051874 0.056730 -0.018964 477.466142 479.015796 481.696486 483.365867 480.866890 481.524113
-0.000261 -0.001363 455.944345 -0.052824 0.057761 -0.019284 477.413589 478.977397 481.682572 483.367201 480.845399 481.508625
-0.000274 -0.001413 455.942314 -0.054753 0.059855 -0.019934 477.307745 478.900061 481.654549 483.369888 480.802115 481.477431
-0.000281 -0.001439 455.941271 -0.055744 0.060931 -0.020267 477.254410 478.861091 481.640428 483.371242 480.780304 481.461713
-0.000296 -0.001492 455.939151 -0.057754 0.063113 -0.020944 477.147005 478.782613 481.611992 483.373968 480.736381 481.430059
-0.000303 -0.001519 455.938063 -0.058786 0.064233 -0.021290 477.092889 478.743072 481.597665 483.375342 480.714251 481.414110
-0.000319 -0.001573 455.935851 -0.060880 0.066507 -0.021995 476.983924 478.663456 481.568816 483.378109 480.669691 481.381997
-0.000326 -0.001602 455.934716 -0.061955 0.067673 -0.022356 476.929029 478.623346 481.554282 483.379502 480.647242 481.365818
-0.000342 -0.001659 455.932410 -0.064136 0.070040 -0.023089 476.818510 478.542593 481.525021 483.382308 480.602046 481.333247
-0.000351 -0.001688 455.931227 -0.065254 0.071254 -0.023464 476.762838 478.501915 481.510282 483.383721 480.579280 481.316839
-0.000368 -0.001747 455.928823 -0.067523 0.073716 -0.024226 476.650767 478.420029 481.480610 483.386566 480.533449 481.283810
-0.000376 -0.001778 455.927591 -0.068687 0.074979 -0.024616 476.594319 478.378785 481.465666 483.387999 480.510365 481.267174
-0.000394 -0.001840 455.925087 -0.071047 0.077540 -0.025409 476.480702 478.295768 481.435585 483.390884 480.463903 481.233690
-0.000403 -0.001871 455.923804 -0.072257 0.078853 -0.025814 476.423481 478.253959 481.420435 483.392336 480.440502 481.216826
-0.000422 -0.001936 455.921197 -0.074710 0.081514 -0.026638 476.308321 478.169815 481.389946 483.395260 480.393409 481.182886
-0.000432 -0.001969 455.919861 -0.075967 0.082878 -0.027059 476.250329 478.127443 481.374592 483.396732 480.369694 481.165795
-0.000451 -0.002036 455.917148 -0.078516 0.085644 -0.027914 476.133632 478.042176 481.343696 483.399695 480.321971 481.131403
-0.000462 -0.002070 455.915758 -0.079822 0.087060 -0.028352 476.074871 477.999242 481.328139 483.401186 480.297942 481.114085
-0.000482 -0.002140 455.912936 -0.082469 0.089932 -0.029240 475.956642 477.912855 481.296837 483.404188 480.249593 481.079241
-0.000493 -0.002176 455.911491 -0.083824 0.091402 -0.029694 475.897116 477.869362 481.281077 483.405699 480.225250 481.061698
-0.000514 -0.002248 455.908556 -0.086571 0.094382 -0.030615 475.777359 477.781860 481.249371 483.408739 480.176277 481.026404
-0.000526 -0.002285 455.907054 -0.087978 0.095908 -0.031087 475.717071 477.737809 481.233409 483.410270 480.151622 481.008636
-0.000548 -0.002361 455.904004 -0.090828 0.098999 -0.032043 475.595794 477.649196 481.201300 483.413349 480.102027 480.972894
-0.000560 -0.002399 455.902442 -0.092287 0.100582 -0.032531 475.534745 477.604590 481.185137 483.414898 480.077062 480.954902
-0.000584 -0.002477 455.899274 -0.095241 0.103787 -0.033523 475.411953 477.514870 481.152627 483.418016 480.026847 480.918714
-0.000596 -0.002517 455.897652 -0.096754 0.105427 -0.034030 475.350148 477.469711 481.136264 483.419585 480.001572 480.900499
-0.000621 -0.002598 455.894362 -0.099816 0.108749 -0.035058 475.225848 477.378889 481.103355 483.422740 479.950741 480.863866
-0.000634 -0.002640 455.892679 -0.101383 0.110449 -0.035583 475.163290 477.333180 481.086792 483.424328 479.925158 480.845429
-0.000660 -0.002724 455.889263 -0.104555 0.113889 -0.036648 475.037489 477.241261 481.053486 483.427522 479.873713 480.808354
-0.000674 -0.002767 455.887516 -0.106178 0.115649 -0.037193 474.974181 477.195005 481.036725 483.429129 479.847824 480.789696
-0.000701 -0.002855 455.883972 -0.109463 0.119212 -0.038296 474.846886 477.101994 481.003022 483.432361 479.795767 480.752180
-0.000715 -0.002899 455.882160 -0.111143 0.121034 -0.038860 474.782832 477.055192 480.986064 483.433987 479.769573 480.733303
-0.000744 -0.002990 455.878485 -0.114542 0.124721 -0.040003 474.654051 476.961096 480.951968 483.437256 479.716909 480.695349
-0.000759 -0.003036 455.876606 -0.116280 0.126606 -0.040586 474.589255 476.913752 480.934813 483.438901 479.690411 480.676253
-0.000789 -0.003130 455.872795 -0.119797 0.130421 -0.041769 474.458994 476.818575 480.900326 483.442208 479.637142 480.637863
-0.000804 -0.003178 455.870847 -0.121595 0.132370 -0.042373 474.393460 476.770691 480.882975 483.443872 479.610343 480.618549
-0.000836 -0.003275 455.866898 -0.125231 0.136314 -0.043597 474.261729 476.674440 480.848099 483.447216 479.556472 480.579726
-0.000852 -0.003324 455.864880 -0.127090 0.138330 -0.044222 474.195461 476.626020 480.830554 483.448898 479.529372 480.560196
-0.000885 -0.003425 455.860789 -0.130848 0.142407 -0.045489 474.062268 476.528700 480.795290 483.452280 479.474904 480.520942
-0.000902 -0.003476 455.858699 -0.132769 0.144490 -0.046135 473.995270 476.479747 480.777552 483.453981 479.447506 480.501197
-0.000936 -0.003581 455.854462 -0.136652 0.148701 -0.047444 473.860624 476.381366 480.741904 483.457399 479.392444 480.461514
-0.000954 -0.003634 455.852298 -0.138636 0.150853 -0.048113 473.792900 476.331882 480.723974 483.459118 479.364749 480.441555
-0.000990 -0.003741 455.847912 -0.142646 0.155202 -0.049466 473.656810 476.232446 480.687943 483.462573 479.309096 480.401448
-0.001008 -0.003796 455.845672 -0.144694 0.157424 -0.050157 473.588366 476.182436 480.669822 483.464311 479.281106 480.381276
-0.001046 -0.003908 455.841134 -0.148834 0.161914 -0.051556 473.450841 476.081951 480.633411 483.467802 479.224866 480.340745
-0.001065 -0.003965 455.838817 -0.150948 0.164207 -0.052269 473.381680 476.031418 480.615101 483.469558 479.196584 480.320363
-0.001105 -0.004080 455.834122 -0.155219 0.168840 -0.053714 473.242730 475.929892 480.578313 483.473085 479.139761 480.279412
-0.001125 -0.004139 455.831726 -0.157400 0.171205 -0.054451 473.172859 475.878839 480.559814 483.474859 479.111188 480.258820
-0.001166 -0.004258 455.826871 -0.161806 0.175984 -0.055944 473.032493 475.776278 480.522651 483.478422 479.053787 480.217452
-0.001187 -0.004318 455.824394 -0.164054 0.178424 -0.056705 472.961916 475.724710 480.503966 483.480214 479.024924 480.196652
-0.001230 -0.004441 455.819375 -0.168597 0.183351 -0.058245 472.820145 475.621123 480.466431 483.483813 478.966949 480.154870
-0.001252 -0.004504 455.816815 -0.170915 0.185866 -0.059031 472.748867 475.569042 480.447560 483.485623 478.937800 480.133863
-0.001296 -0.004631 455.811629 -0.175596 0.190944 -0.060621 472.605702 475.464436 480.409656 483.489257 478.879254 480.091671
-0.001319 -0.004696 455.808984 -0.177985 0.193535 -0.061431 472.533728 475.411847 480.390600 483.491084 478.849821 480.070459
-0.001366 -0.004827 455.803627 -0.182808 0.198768 -0.063072 472.389179 475.306231 480.352330 483.494754 478.790709 480.027858
-0.001390 -0.004894 455.800895 -0.185268 0.201437 -0.063908 472.316515 475.253137 480.333092 483.496599 478.760993 480.006443
-0.001439 -0.005029 455.795363 -0.190235 0.206826 -0.065600 472.170594 475.146518 480.294459 483.500303 478.701320 479.963438
-0.001464 -0.005098 455.792543 -0.192768 0.209574 -0.066462 472.097245 475.092924 480.275039 483.502165 478.671325 479.941821
-0.001514 -0.005238 455.786832 -0.197882 0.215122 -0.068206 471.949962 474.985310 480.236045 483.505904 478.611095 479.898415
-0.001540 -0.005309 455.783921 -0.200489 0.217951 -0.069095 471.875935 474.931221 480.216446 483.507784 478.580822 479.876598
-0.001593 -0.005453 455.778028 -0.205750 0.223660 -0.070893 471.727303 474.822620 480.177095 483.511557 478.520040 479.832794
-0.001621 -0.005526 455.775024 -0.208433 0.226571 -0.071809 471.652603 474.768039 480.157317 483.513453 478.489492 479.810778
-0.001676 -0.005674 455.768944 -0.213845 0.232444 -0.073661 471.502633 474.658461 480.117612 483.517261 478.428163 479.766580
-0.001704 -0.005750 455.765846 -0.216604 0.235438 -0.074605 471.427266 474.603393 480.097658 483.519174 478.397342 479.744368
-0.001762 -0.005903 455.759576 -0.222170 0.241478 -0.076514 471.275971 474.492847 480.057602 483.523015 478.335472 479.699780
-0.001791 -0.005981 455.756381 -0.225006 0.244556 -0.077485 471.199943 474.437296 480.037473 483.524945 478.304381 479.677373
-0.001852 -0.006139 455.749917 -0.230727 0.250766 -0.079451 471.047335 474.325790 479.997069 483.528819 478.241973 479.632397
-0.001882 -0.006219 455.746623 -0.233642 0.253930 -0.080452 470.970652 474.269761 479.976767 483.530766 478.210614 479.609798
-0.001945 -0.006381 455.739961 -0.239521 0.260311 -0.082475 470.816744 474.157305 479.936019 483.534673 478.147674 479.564439
-0.001977 -0.006464 455.736567 -0.242516 0.263562 -0.083505 470.739413 474.100802 479.915545 483.536636 478.116051 479.541648
-0.002042 -0.006631 455.729702 -0.248555 0.270117 -0.085588 470.584217 473.987406 479.874456 483.540576 478.052585 479.495910
-0.002076 -0.006717 455.726205 -0.251631 0.273456 -0.086647 470.506245 473.930434 479.853813 483.542556 478.020699 479.472930
-0.002144 -0.006889 455.719134 -0.257832 0.280188 -0.088790 470.349775 473.816107 479.812386 483.546528 477.956712 479.426816
-0.002179 -0.006976 455.715533 -0.260990 0.283616 -0.089880 470.271168 473.758672 479.791575 483.548523 477.924566 479.403650
-0.002250 -0.007154 455.708251 -0.267355 0.290528 -0.092085 470.113437 473.643423 479.749814 483.552528 477.860063 479.357164
-0.002286 -0.007244 455.704543 -0.270596 0.294047 -0.093206 470.034202 473.585529 479.728837 483.554539 477.827661 479.333812
-0.002360 -0.007426 455.697046 -0.277128 0.301139 -0.095472 469.875224 473.469369 479.686746 483.558575 477.762648 479.286959
-0.002397 -0.007519 455.693230 -0.280453 0.304750 -0.096625 469.795368 473.411021 479.665604 483.560602 477.729992 479.263424
-0.002474 -0.007706 455.685515 -0.287153 0.312027 -0.098955 469.635157 473.293960 479.623187 483.564670 477.664475 479.216208
-0.002514 -0.007802 455.681588 -0.290564 0.315730 -0.100141 469.554687 473.235163 479.601882 483.566713 477.631567 479.192492
-0.002594 -0.007995 455.673650 -0.297435 0.323193 -0.102535 469.393257 473.117211 479.559142 483.570811 477.565551 479.144916
-0.002635 -0.008093 455.669610 -0.300931 0.326991 -0.103753 469.312179 473.057971 479.537677 483.572869 477.532395 479.121022
-0.002718 -0.008291 455.661445 -0.307975 0.334642 -0.106214 469.149544 472.939139 479.494618 483.576998 477.465887 479.073091
-0.002761 -0.008392 455.657290 -0.311559 0.338535 -0.107464 469.067867 472.879460 479.472994 483.579071 477.432486 479.049019
-0.002848 -0.008596 455.648893 -0.318778 0.346378 -0.109992 468.904043 472.759759 479.429620 483.583230 477.365491 479.000738
-0.002892 -0.008700 455.644622 -0.322450 0.350367 -0.111277 468.821773 472.699647 479.407839 483.585319 477.331848 478.976492
-0.002983 -0.008909 455.635990 -0.329845 0.358402 -0.113872 468.656773 472.579088 479.364154 483.589508 477.264373 478.927864
-0.003029 -0.009015 455.631599 -0.333607 0.362489 -0.115191 468.573919 472.518548 479.342218 483.591611 477.230490 478.903445
-0.003123 -0.009231 455.622727 -0.341181 0.370720 -0.117856 468.407759 472.397141 479.298226 483.595829 477.162540 478.854476
-0.003171 -0.009340 455.618216 -0.345033 0.374906 -0.119210 468.324327 472.336180 479.276137 483.597947 477.128422 478.829887
-0.003269 -0.009561 455.609100 -0.352787 0.383334 -0.121945 468.157022 472.213936 479.231842 483.602195 477.060004 478.780580
-0.003319 -0.009673 455.604465 -0.356730 0.387619 -0.123335 468.073020 472.152559 479.209602 483.604327 477.025652 478.755823
-0.003421 -0.009900 455.595101 -0.364667 0.396246 -0.126141 467.904587 472.029490 479.165008 483.608603 476.956772 478.706184
-0.003473 -0.010015 455.590340 -0.368702 0.400632 -0.127567 467.820023 471.967703 479.142620 483.610750 476.922191 478.681261
-0.003579 -0.010248 455.580723 -0.376823 0.409461 -0.130445 467.650476 471.843820 479.097731 483.615054 476.852856 478.631293
-0.003633 -0.010367 455.575835 -0.380952 0.413949 -0.131908 467.565358 471.781627 479.075196 483.617215 476.818048 478.606208
-0.003744 -0.010606 455.565962 -0.389259 0.422981 -0.134860 467.394713 471.656943 479.030017 483.621547 476.748264 478.555916
-0.003800 -0.010727 455.560944 -0.393481 0.427572 -0.136360 467.309050 471.594351 479.007337 483.623722 476.713233 478.530670
-0.003915 -0.010972 455.550809 -0.401976 0.436810 -0.139387 467.137323 471.468877 478.961871 483.628082 476.643007 478.480060
-0.003973 -0.011097 455.545659 -0.406293 0.441505 -0.140924 467.051122 471.405892 478.939049 483.630270 476.607755 478.454655
-0.004093 -0.011348 455.535259 -0.414977 0.450950 -0.144027 466.878330 471.279639 478.893301 483.634657 476.537093 478.403731
-0.004154 -0.011476 455.529975 -0.419389 0.455749 -0.145602 466.791599 471.216268 478.870338 483.636858 476.501625 478.378170
-0.004278 -0.011734 455.519305 -0.428265 0.465404 -0.148782 466.617759 471.089249 478.824313 483.641272 476.430535 478.326937
-0.004341 -0.011865 455.513885 -0.432774 0.470309 -0.150397 466.530506 471.025496 478.801213 483.643487 476.394854 478.301222
-0.004470 -0.012130 455.502941 -0.441841 0.480174 -0.153655 466.355634 470.897723 478.754914 483.647926 476.323341 478.249685
-0.004536 -0.012264 455.497382 -0.446447 0.485186 -0.155309 466.267868 470.833595 478.731678 483.650154 476.287450 478.223819
-0.004670 -0.012535 455.486159 -0.455709 0.495264 -0.158646 466.091981 470.705080 478.685111 483.654619 476.215522 478.171982
-0.004739 -0.012673 455.480460 -0.460414 0.500383 -0.160339 466.003710 470.640584 478.661740 483.656860 476.179425 478.145968
-0.004878 -0.012951 455.468954 -0.469871 0.510676 -0.163757 465.826825 470.511340 478.614909 483.661351 476.107089 478.093837
-0.004949 -0.013092 455.463111 -0.474674 0.515904 -0.165491 465.738059 470.446481 478.591408 483.663604 476.070789 478.067676
-0.005094 -0.013376 455.451318 -0.484329 0.526413 -0.168990 465.560193 470.316521 478.544317 483.668120 475.998052 478.015257
-0.005168 -0.013521 455.445331 -0.489231 0.531749 -0.170765 465.470939 470.251306 478.520686 483.670386 475.961553 477.988952
-0.005319 -0.013813 455.433246 -0.499084 0.542476 -0.174346 465.292109 470.120641 478.473340 483.674926 475.888422 477.936248
-0.005396 -0.013961 455.427111 -0.504086 0.547922 -0.176163 465.202377 470.055077 478.449583 483.677204 475.851727 477.909803
-0.005552 -0.014259 455.414730 -0.514139 0.558869 -0.179828 465.022602 469.923721 478.401986 483.681767 475.778209 477.856821
-0.005632 -0.014411 455.408446 -0.519242 0.564426 -0.181687 464.932400 469.857813 478.378105 483.684057 475.741322 477.830237
-0.005794 -0.014717 455.395765 -0.529495 0.575593 -0.185436 464.751696 469.725780 478.330262 483.688645 475.667424 477.776981
-0.005877 -0.014872 455.389329 -0.534700 0.581261 -0.187338 464.661033 469.659535 478.306259 483.690946 475.630348 477.750261
-0.006046 -0.015185 455.376342 -0.545156 0.592650 -0.191173 464.479419 469.526836 478.258176 483.695557 475.556079 477.696737
-0.006132 -0.015344 455.369752 -0.550462 0.598431 -0.193118 464.388305 469.460262 478.234052 483.697870 475.518818 477.669884
-0.006307 -0.015665 455.356457 -0.561121 0.610044 -0.197040 464.205799 469.326911 478.185733 483.702503 475.444184 477.616097
-0.006396 -0.015828 455.349711 -0.566530 0.615936 -0.199028 464.114241 469.260013 478.161492 483.704828 475.406742 477.589113
-0.006578 -0.016156 455.336101 -0.577393 0.627774 -0.203038 463.930861 469.126023 478.112942 483.709483 475.331751 477.535069
-0.006671 -0.016322 455.329197 -0.582905 0.633780 -0.205071 463.838870 469.058808 478.088586 483.711819 475.294132 477.507958
-0.006859 -0.016658 455.315269 -0.593974 0.645844 -0.209169 463.654634 468.924193 478.039809 483.716496 475.218790 477.453661
-0.006956 -0.016828 455.308204 -0.599590 0.651964 -0.211247 463.562218 468.856668 478.015341 483.718842 475.180997 477.426424
-0.007151 -0.017171 455.293954 -0.610865 0.664255 -0.215435 463.377146 468.721442 477.966342 483.723540 475.105313 477.371881
-0.007251 -0.017345 455.286726 -0.616584 0.670490 -0.217558 463.284314 468.653613 477.941765 483.725897 475.067351 477.344522
-0.007454 -0.017697 455.272149 -0.628067 0.683009 -0.221837 463.098423 468.517789 477.892549 483.730616 474.991332 477.289737
-0.007558 -0.017875 455.264757 -0.633891 0.689359 -0.224006 463.005186 468.449663 477.867864 483.732983 474.953204 477.262259
-0.007768 -0.018234 455.249848 -0.645582 0.702107 -0.228377 462.818495 468.313255 477.818436 483.737722 474.876858 477.207238
-0.007876 -0.018416 455.242288 -0.651511 0.708572 -0.230592 462.724861 468.244840 477.793646 483.740100 474.838567 477.179643
-0.008094 -0.018783 455.227044 -0.663411 0.721551 -0.235056 462.537390 468.107860 477.744012 483.744859 474.761902 477.124392
-0.008206 -0.018969 455.219314 -0.669445 0.728132 -0.237318 462.443369 468.039163 477.719119 483.747246 474.723453 477.096683
-0.008432 -0.019344 455.203730 -0.681554 0.741342 -0.241876 462.255135 467.901627 477.669283 483.752024 474.646477 477.041208
-0.008547 -0.019535 455.195829 -0.687694 0.748039 -0.244185 462.160737 467.832653 477.644291 483.754421 474.607873 477.013387
-0.008782 -0.019918 455.179899 -0.700014 0.761481 -0.248838 461.971761 467.694574 477.594258 483.759218 474.530593 476.957693
-0.008901 -0.020113 455.171825 -0.706259 0.768295 -0.251195 461.876995 467.625332 477.569168 483.761624 474.491839 476.929764
-0.009144 -0.020504 455.155546 -0.718790 0.781969 -0.255944 461.687295 467.486725 477.518944 483.766440 474.414263 476.873857
-0.009268 -0.020703 455.147296 -0.725142 0.788900 -0.258350 461.592170 467.417221 477.493760 483.768855 474.375363 476.845823
-0.009520 -0.021103 455.130664 -0.737885 0.802807 -0.263196 461.401766 467.278099 477.443349 483.773689 474.297499 476.789708
-0.009648 -0.021306 455.122235 -0.744343 0.809856 -0.265650 461.306293 467.208340 477.418072 483.776112 474.258456 476.761570
-0.009908 -0.021715 455.105245 -0.757297 0.823997 -0.270594 461.115204 467.068718 477.367480 483.780963 474.180312 476.705254
-0.010041 -0.021922 455.096636 -0.763862 0.831163 -0.273097 461.019393 466.998711 477.342113 483.783396 474.141130 476.677017
-0.010311 -0.022340 455.079284 -0.777029 0.845538 -0.278140 460.827639 466.858603 477.291345 483.788264 474.062714 476.620504
-0.010448 -0.022551 455.070492 -0.783701 0.852823 -0.280693 460.731498 466.788356 477.265892 483.790705 474.023398 476.592170
-0.010727 -0.022977 455.052774 -0.797081 0.867433 -0.285836 460.539099 466.647777 477.214953 483.795589 473.944718 476.535467
-0.010869 -0.023193 455.043798 -0.803860 0.874835 -0.288440 460.442639 466.577297 477.189414 483.798038 473.905272 476.507039
-0.011158 -0.023628 455.025709 -0.817452 0.889680 -0.293683 460.249614 466.436260 477.138310 483.802938 473.826336 476.450151
-0.011305 -0.023849 455.016545 -0.824338 0.897200 -0.296338 460.152845 466.365554 477.112690 483.805395 473.786763 476.421632
-0.011603 -0.024293 454.998081 -0.838144 0.912280 -0.301683 459.959213 466.224074 477.061425 483.810310 473.707579 476.364566
-0.011755 -0.024518 454.988729 -0.845137 0.919919 -0.304388 459.862145 466.153150 477.035725 483.812775 473.667884 476.335959
-0.012064 -0.024971 454.969885 -0.859157 0.935234 -0.309836 459.667928 466.011242 476.984305 483.817705 473.588460 476.278720
-0.012221 -0.025201 454.960341 -0.866258 0.942991 -0.312594 459.570571 465.940106 476.958529 483.820177 473.548647 476.250028
-0.012539 -0.025663 454.941114 -0.880490 0.958542 -0.318145 459.375788 465.797784 476.906959 483.825122 473.468992 476.192622
-0.012702 -0.025897 454.931377 -0.887699 0.966418 -0.320955 459.278151 465.726445 476.881110 483.827600 473.429064 476.163847
-0.013031 -0.026369 454.911761 -0.902145 0.982204 -0.326611 459.082822 465.583724 476.829395 483.832559 473.349186 476.106281
-0.013198 -0.026607 454.901829 -0.909461 0.990198 -0.329473 458.984916 465.512188 476.803474 483.835045 473.309148 476.077427
-0.013538 -0.027088 454.881821 -0.924121 1.006220 -0.335235 458.789061 465.369083 476.751620 483.840017 473.229055 476.019705
-0.013711 -0.027332 454.871691 -0.931544 1.014332 -0.338151 458.690896 465.297357 476.725630 483.842509 473.188911 475.990775
-0.014062 -0.027822 454.851287 -0.946417 1.030589 -0.344019 458.494536 465.153884 476.673643 483.847494 473.108611 475.932905
-0.014240 -0.028070 454.840957 -0.953948 1.038820 -0.346988 458.396122 465.081976 476.647587 483.849992 473.068366 475.903900
-0.014602 -0.028570 454.820152 -0.969034 1.055312 -0.352963 458.199276 464.938148 476.595471 483.854989 472.987867 475.845887
-0.014786 -0.028823 454.809620 -0.976672 1.063661 -0.355986 458.100623 464.866065 476.569352 483.857494 472.947524 475.816813
-0.015160 -0.029333 454.788410 -0.991972 1.080387 -0.362070 457.903313 464.721897 476.517113 483.862503 472.866836 475.758663
-0.015349 -0.029591 454.777675 -0.999717 1.088854 -0.365147 457.804432 464.649648 476.490934 483.865013 472.826399 475.729521
-0.015734 -0.030110 454.756056 -1.015229 1.105815 -0.371340 457.606677 464.505155 476.438577 483.870034 472.745529 475.671240
-0.015930 -0.030372 454.745114 -1.023081 1.114399 -0.374473 457.507577 464.432746 476.412340 483.872549 472.705003 475.642033
-0.016326 -0.030901 454.723082 -1.038806 1.131594 -0.380776 457.309399 464.287944 476.359871 483.877580 472.623959 475.583627
-0.016528 -0.031169 454.711932 -1.046765 1.140296 -0.383964 457.210090 464.215383 476.333579 483.880102 472.583348 475.554360
-0.016936 -0.031708 454.689483 -1.062702 1.157723 -0.390378 457.011508 464.070285 476.281003 483.885143 472.502140 475.495835
-0.017144 -0.031980 454.678123 -1.070768 1.166543 -0.393622 456.912002 463.997580 476.254658 483.887669 472.461447 475.466509
-0.017564 -0.032529 454.655252 -1.086917 1.184203 -0.400148 456.713037 463.852202 476.201981 483.892720 472.380082 475.407871
-0.017777 -0.032807 454.643680 -1.095089 1.193139 -0.403448 456.613343 463.779360 476.175586 483.895251 472.339313 475.378490
-0.018210 -0.033365 454.620383 -1.111449 1.211030 -0.410087 456.414016 463.633718 476.122813 483.900311 472.257800 475.319745
-0.018430 -0.033648 454.608597 -1.119727 1.220083 -0.413444 456.314145 463.560745 476.096372 483.902847 472.216959 475.290311
-0.018875 -0.034217 454.584871 -1.136297 1.238206 -0.420196 456.114475 463.414854 476.043508 483.907916 472.135306 475.231466
-0.019101 -0.034504 454.572869 -1.144681 1.247374 -0.423610 456.014437 463.341759 476.017022 483.910455 472.094396 475.201983
-0.019558 -0.035083 454.548709 -1.161462 1.265727 -0.430478 455.814447 463.195633 475.964074 483.915532 472.012611 475.143043
-0.019790 -0.035376 454.536489 -1.169951 1.275011 -0.433950 455.714252 463.122424 475.937547 483.918076 471.971638 475.113514
-0.020260 -0.035965 454.511892 -1.186941 1.293593 -0.440933 455.513961 462.976078 475.884518 483.923161 471.889730 475.054486
-0.020499 -0.036263 454.499451 -1.195536 1.302992 -0.444463 455.413620 462.902762 475.857953 483.925708 471.848697 475.024914
-0.020982 -0.036862 454.474412 -1.212735 1.321802 -0.451563 455.213049 462.756212 475.804850 483.930800 471.766675 474.965803
-0.021227 -0.037165 454.461750 -1.221434 1.331316 -0.455151 455.112572 462.682797 475.778248 483.933351 471.725586 474.936190
-0.021722 -0.037775 454.436266 -1.238841 1.350353 -0.462369 454.911742 462.536057 475.725077 483.938449 471.643458 474.877003
-0.021974 -0.038083 454.423379 -1.247644 1.359980 -0.466016 454.811139 462.462550 475.698442 483.941003 471.602317 474.847354
-0.022482 -0.038703 454.397446 -1.265258 1.379242 -0.473352 454.610071 462.315636 475.645208 483.946108 471.520092 474.788096
-0.022740 -0.039016 454.384333 -1.274166 1.388983 -0.477059 454.509352 462.242045 475.618543 483.948664 471.478904 474.758413
-0.023262 -0.039646 454.357947 -1.291985 1.408470 -0.484515 454.308067 462.094972 475.565251 483.953774 471.396590 474.699091
-0.023527 -0.039965 454.344606 -1.300997 1.418323 -0.488282 454.207243 462.021304 475.538557 483.956334 471.355359 474.669377
-0.024061 -0.040606 454.317763 -1.319021 1.438033 -0.495858 454.005760 461.874087 475.485214 483.961449 471.272964 474.609997
-0.024333 -0.040930 454.304192 -1.328136 1.447998 -0.499686 453.904842 461.800349 475.458495 483.964011 471.231695 474.580255
-0.024880 -0.041581 454.276888 -1.346365 1.467929 -0.507383 453.703183 461.653004 475.405105 483.969130 471.149228 474.520823
-0.025158 -0.041910 454.263086 -1.355581 1.478006 -0.511272 453.602181 461.579205 475.378364 483.971695 471.107924 474.491056
-0.025719 -0.042571 454.235318 -1.374013 1.498157 -0.519091 453.400366 461.431746 475.324932 483.976818 471.025393 474.431579
-0.026004 -0.042906 454.221282 -1.383332 1.508344 -0.523042 453.299290 461.357893 475.298172 483.979384 470.984059 474.401790
-0.026578 -0.043578 454.193046 -1.401966 1.528713 -0.530985 453.097340 461.210335 475.244704 483.984511 470.901474 474.342272
-0.026869 -0.043918 454.178775 -1.411386 1.539009 -0.534998 452.996201 461.136436 475.217927 483.987078 470.860113 474.312465
-0.027457 -0.044600 454.150067 -1.430221 1.559595 -0.543065 452.794137 460.988794 475.164429 483.992208 470.777481 474.252914
-0.027754 -0.044945 454.135559 -1.439742 1.570000 -0.547140 452.692944 460.914856 475.137638 483.994777 470.736099 474.223091
-0.028355 -0.045638 454.106376 -1.458777 1.590800 -0.555334 452.490786 460.767146 475.084115 483.999909 470.653429 474.163512
-0.028660 -0.045988 454.091629 -1.468398 1.601313 -0.559472 452.389551 460.693177 475.057313 484.002479 470.612029 474.133677
-0.029274 -0.046692 454.061967 -1.487631 1.622327 -0.567791 452.187320 460.545414 475.003771 484.007613 470.529329 474.074076
-0.029585 -0.047047 454.046979 -1.497352 1.632946 -0.571993 452.086052 460.471421 474.976960 484.010184 470.487916 474.044231
-0.030212 -0.047761 454.016835 -1.516782 1.654171 -0.580441 451.883769 460.323619 474.923404 484.015319 470.405194 473.984615
-0.030530 -0.048122 454.001605 -1.526602 1.664896 -0.584707 451.782479 460.249610 474.896587 484.017891 470.363772 473.954764
-0.031170 -0.048847 453.970975 -1.546227 1.686329 -0.593283 451.580164 460.101785 474.843023 484.023027 470.281037 473.895138
-0.031495 -0.049213 453.955500 -1.556145 1.697159 -0.597614 451.478862 460.027767 474.816203 484.025599 470.239610 473.865283
-0.032148 -0.049948 453.924381 -1.575966 1.718800 -0.606320 451.276536 459.879934 474.762636 484.030735 470.156871 473.805655
-0.032479 -0.050320 453.908661 -1.585981 1.729733 -0.610716 451.175232 459.805915 474.735815 484.033307 470.115443 473.775799
-0.033146 -0.051065 453.877049 -1.605994 1.751579 -0.619553 450.972915 459.658089 474.682250 484.038443 470.032708 473.716173
-0.033483 -0.051442 453.861081 -1.616106 1.762615 -0.624015 450.871619 459.584076 474.655432 484.041015 469.991284 473.686320
-0.034163 -0.052198 453.828974 -1.636310 1.784663 -0.632984 450.669332 459.436271 474.601875 484.046150 469.908560 473.626703
-0.034507 -0.052580 453.812757 -1.646518 1.795801 -0.637512 450.568056 459.362272 474.575061 484.048721 469.867144 473.596855
-0.035199 -0.053347 453.780151 -1.666912 1.818049 -0.646615 450.365819 459.214504 474.521518 484.053855 469.784441 473.537253
-0.035550 -0.053734 453.763682 -1.677216 1.829287 -0.651210 450.264571 459.140526 474.494712 484.056426 469.743036 473.507414
-0.036255 -0.054511 453.730574 -1.697798 1.851733 -0.660447 450.062404 458.992810 474.441187 484.061558 469.660362 473.447833
-0.036612 -0.054904 453.713853 -1.708196 1.863070 -0.665110 449.961196 458.918860 474.414392 484.064127 469.618974 473.418005
-0.037330 -0.055691 453.680239 -1.728964 1.885711 -0.674482 449.759120 458.771210 474.360891 484.069257 469.536336 473.358450
-0.037693 -0.056089 453.663265 -1.739456 1.897147 -0.679214 449.657961 458.697296 474.334108 484.071825 469.494968 473.328637
-0.038423 -0.056887 453.629142 -1.760409 1.919981 -0.688723 449.455996 458.549727 474.280637 484.076953 469.412376 473.269115
-0.038793 -0.057290 453.611912 -1.770993 1.931513 -0.693523 449.354896 458.475857 474.253870 484.079519 469.371032 473.239319
-0.039536 -0.058098 453.577278 -1.792130 1.954537 -0.703170 449.153062 458.328384 474.200434 484.084643 469.288494 473.179836
-0.039911 -0.058507 453.559791 -1.802805 1.966165 -0.708039 449.052032 458.254564 474.173685 484.087208 469.247179 473.150061
-0.040666 -0.059326 453.524642 -1.824123 1.989377 -0.717825 448.850349 458.107202 474.120289 484.092328 469.164702 473.090622
-0.041048 -0.059739 453.506897 -1.834889 2.001099 -0.722764 448.749398 458.033440 474.093561 484.094891 469.123419 473.060871
-0.041815 -0.060568 453.471230 -1.856386 2.024496 -0.732690 448.547887 457.886203 474.040210 484.100007 469.041013 473.001482
-0.042202 -0.060987 453.453225 -1.867242 2.036310 -0.737699 448.447026 457.812507 474.013506 484.102567 468.999767 472.971757
-0.042981 -0.061827 453.417038 -1.888916 2.059890 -0.747766 448.245706 457.665409 473.960206 484.107678 468.917438 472.912425
-0.043375 -0.062251 453.398772 -1.899861 2.071795 -0.752847 448.144944 457.591786 473.933528 484.110236 468.876233 472.882729
-0.044165 -0.063101 453.362062 -1.921710 2.095554 -0.763056 447.943835 457.444842 473.880284 484.115342 468.793991 472.823459
-0.044564 -0.063530 453.343532 -1.932742 2.107549 -0.768207 447.843182 457.371299 473.853635 484.117897 468.752830 472.793795
-0.045366 -0.064391 453.306297 -1.954764 2.131485 -0.778559 447.642304 457.224524 473.800452 484.122996 468.670683 472.734594
-0.045771 -0.064825 453.287503 -1.965884 2.143569 -0.783782 447.541771 457.151068 473.773835 484.125549 468.629570 472.704965
-0.046584 -0.065696 453.249739 -1.988076 2.167678 -0.794278 447.341144 457.004476 473.720718 484.130642 468.547525 472.645837
-0.046994 -0.066136 453.230680 -1.999281 2.179849 -0.799573 447.240740 456.931114 473.694135 484.133191 468.506466 472.616247
-0.047817 -0.067018 453.192385 -2.021642 2.204129 -0.810213 447.040382 456.784720 473.641089 484.138277 468.424532 472.557199
-0.048233 -0.067463 453.173059 -2.032931 2.216385 -0.815581 446.940117 456.711460 473.614544 484.140823 468.383529 472.527649
-0.049067 -0.068355 453.134230 -2.055458 2.240832 -0.826365 446.740050 456.565277 473.561575 484.145902 468.301713 472.468686
-0.049488 -0.068806 453.114636 -2.066830 2.253172 -0.831805 446.639933 456.492125 473.535068 484.148443 468.260771 472.439180
-0.050332 -0.069709 453.075272 -2.089521 2.277784 -0.842735 446.440175 456.346169 473.482181 484.153515 468.179082 472.380309
-0.050758 -0.070165 453.055409 -2.100975 2.290206 -0.848248 446.340217 456.273132 473.455716 484.156052 468.138205 472.350850
-0.051612 -0.071079 453.015506 -2.123826 2.314980 -0.859322 446.140787 456.127416 473.402916 484.161115 468.056649 472.292075
-0.052042 -0.071541 452.995373 -2.135360 2.327482 -0.864907 446.040996 456.054502 473.376496 484.163648 468.015841 472.262665
-0.052905 -0.072467 452.954929 -2.158369 2.352414 -0.876126 445.841914 455.909040 473.323788 484.168702 467.934428 472.203993
-0.053341 -0.072934 452.934524 -2.169983 2.364995 -0.881784 445.742301 455.836256 473.297415 484.171231 467.893692 472.174635
-0.054213 -0.073871 452.893537 -2.193147 2.390082 -0.893147 445.543586 455.691061 473.244804 484.176276 467.812429 472.116071
-0.054653 -0.074345 452.872860 -2.204838 2.402741 -0.898877 445.444160 455.618414 473.218480 484.178800 467.771770 472.086769
-0.055533 -0.075294 452.831328 -2.228154 2.427979 -0.910383 445.245831 455.473502 473.165971 484.183835 467.690665 472.028318
-0.055977 -0.075774 452.810378 -2.239921 2.440713 -0.916185 445.146602 455.400998 473.139700 484.186354 467.650086 471.999074
-0.056865 -0.076736 452.768299 -2.263385 2.466100 -0.927833 444.948676 455.256381 473.087298 484.191379 467.569146 471.940742
-0.057312 -0.077221 452.747074 -2.275226 2.478908 -0.933705 444.849653 455.184028 473.061081 484.193893 467.528651 471.911559
-0.058208 -0.078197 452.704446 -2.298836 2.504439 -0.945493 444.652151 455.039720 473.008791 484.198907 467.447885 471.853352
-0.058659 -0.078689 452.682945 -2.310749 2.517319 -0.951435 444.553344 454.967525 472.982632 484.201415 467.407478 471.824232
-0.059561 -0.079678 452.639766 -2.334501 2.542992 -0.963360 444.356284 454.823540 472.930459 484.206418 467.326892 471.766156
-0.060015 -0.080178 452.617989 -2.346485 2.555942 -0.969371 444.257701 454.751509 472.904358 484.208920 467.286578 471.737102
-0.060923 -0.081181 452.574258 -2.370374 2.581752 -0.981430 444.061101 454.607860 472.852307 484.213911 467.206180 471.679161
-0.061381 -0.081688 452.552203 -2.382427 2.594772 -0.987508 443.962752 454.536000 472.826269 484.216408 467.165961 471.650176
-0.062294 -0.082708 452.507917 -2.406450 2.620716 -0.999698 443.766632 454.392701 472.774345 484.221387 467.085759 471.592377
-0.062753 -0.083223 452.485585 -2.418569 2.633802 -1.005841 443.668526 454.321018 472.748371 484.223878 467.045639 471.563463
-0.063671 -0.084259 452.440743 -2.442722 2.659876 -1.018158 443.472902 454.178082 472.696578 484.228844 466.965640 471.505810
-0.064132 -0.084782 452.418132 -2.454905 2.673027 -1.024364 443.375048 454.106584 472.670671 484.231328 466.925624 471.476971
-0.065053 -0.085836 452.372733 -2.479183 2.699227 -1.036803 443.179939 453.964024 472.619015 484.236281 466.845836 471.419470
-0.065516 -0.086369 452.349842 -2.491429 2.712442 -1.043069 443.082347 453.892717 472.593176 484.238759 466.805926 471.390708
-0.066440 -0.087442 452.303884 -2.515826 2.738765 -1.055625 442.887771 453.750547 472.541661 484.243698 466.726356 471.333364
-0.066904 -0.087985 452.280713 -2.528132 2.752040 -1.061948 442.790448 453.679437 472.515895 484.246169 466.686557 471.304681
-0.067829 -0.089078 452.234194 -2.552644 2.778482 -1.074615 442.596423 453.537669 472.464525 484.251095 466.607212 471.247499
-0.068294 -0.089632 452.210742 -2.565007 2.791816 -1.080993 442.499380 453.466763 472.438833 484.253558 466.567527 471.218899
-0.069219 -0.090748 452.163663 -2.589630 2.818373 -1.093764 442.305924 453.325411 472.387614 484.258470 466.488415 471.161885
-0.069684 -0.091312 452.139929 -2.602048 2.831765 -1.100193 442.209168 453.254715 472.361997 484.260926 466.448847 471.133369
-0.070608 -0.092452 452.092287 -2.626776 2.858433 -1.113062 442.016297 453.113791 472.310934 484.265822 466.369974 471.076528
-0.071073 -0.093029 452.068271 -2.639245 2.871880 -1.119539 441.919838 453.043311 472.285396 484.268271 466.330528 471.048100
-0.071995 -0.094194 452.020065 -2.664073 2.898654 -1.132499 441.727571 452.902828 472.234492 484.273152 466.251902 470.991436
-0.072459 -0.094784 451.995767 -2.676592 2.912154 -1.139019 441.631417 452.832572 472.209034 484.275593 466.212581 470.963098
-0.073378 -0.095977 451.946996 -2.701515 2.939031 -1.152063 441.439770 452.692542 472.158295 484.280458 466.134209 470.906617
-0.073840 -0.096581 451.922415 -2.714080 2.952582 -1.158624 441.343930 452.622515 472.132921 484.282892 466.095015 470.878371
-0.074755 -0.097802 451.873078 -2.739092 2.979557 -1.171745 441.152921 452.482951 472.082350 484.287741 466.016904 470.822078
-0.075215 -0.098421 451.848213 -2.751701 2.993157 -1.178344 441.057403 452.413159 472.057061 484.290166 465.977843 470.793928
-0.076125 -0.099673 451.798310 -2.776797 3.020225 -1.191534 440.867049 452.274073 472.006663 484.294998 465.899999 470.737827
-0.076582 -0.100307 451.773161 -2.789447 3.033872 -1.198167 440.771861 452.204523 471.981462 484.297415 465.861073 470.709774
-0.077487 -0.101591 451.722691 -2.814621 3.061030 -1.211422 440.582178 452.065928 471.931242 484.302230 465.783503 470.653872
-0.077940 -0.102242 451.697257 -2.827311 3.074721 -1.218086 440.487329 451.996625 471.906131 484.304638 465.744716 470.625918
-0.078838 -0.103559 451.646218 -2.852559 3.101965 -1.231400 440.298333 451.858532 471.856093 484.309436 465.667427 470.570219
-0.079288 -0.104227 451.620500 -2.865285 3.115698 -1.238093 440.203832 451.789483 471.831073 484.311835 465.628782 470.542368
-0.080177 -0.105578 451.568892 -2.890602 3.143021 -1.251461 440.015540 451.651905 471.781222 484.316615 465.551782 470.486875
-0.080623 -0.106263 451.542888 -2.903362 3.156794 -1.258181 439.921395 451.583116 471.756296 484.319005 465.513281 470.459129
-0.081504 -0.107650 451.490710 -2.928743 3.184193 -1.271602 439.733823 451.446064 471.706635 484.323767 465.436576 470.403849
-0.081946 -0.108352 451.464420 -2.941535 3.198003 -1.278347 439.640041 451.377540 471.681806 484.326148 465.398224 470.376210
-0.082817 -0.109775 451.411672 -2.966976 3.225473 -1.291817 439.453205 451.241026 471.632340 484.330891 465.321819 470.321147
-0.083254 -0.110495 451.385096 -2.979798 3.239318 -1.298587 439.359794 451.172773 471.607609 484.333262 465.283620 470.293617
-0.084117 -0.111954 451.331776 -3.005295 3.266854 -1.312106 439.173711 451.036808 471.558342 484.337986 465.207522 470.238776
-0.084549 -0.112692 451.304914 -3.018145 3.280731 -1.318901 439.080679 450.968833 471.533712 484.340348 465.169478 470.211358
-0.085401 -0.114186 451.251022 -3.043695 3.308329 -1.332470 438.895363 450.833429 471.484648 484.345053 465.093695 470.156743
-0.085828 -0.114943 451.223874 -3.056570 3.322236 -1.339289 438.802718 450.765737 471.460120 484.347405 465.055808 470.129439
-0.086671 -0.116473 451.169409 -3.082170 3.349889 -1.352910 438.618186 450.630905 471.411264 484.352089 464.980345 470.075055
-0.087093 -0.117247 451.141974 -3.095070 3.363824 -1.359756 438.525936 450.563501 471.386840 484.354431 464.942620 470.047867
-0.087926 -0.118812 451.086936 -3.120717 3.391529 -1.373432 438.342202 450.429253 471.338196 484.359096 464.867484 469.993718
-0.088343 -0.119604 451.059214 -3.133640 3.405488 -1.380306 438.250354 450.362143 471.313878 484.361427 464.829924 469.966649
-0.089165 -0.121204 451.003602 -3.159329 3.433239 -1.394040 438.067433 450.228489 471.265449 484.366071 464.755120 469.912740
-0.089578 -0.122012 450.975592 -3.172274 3.447221 -1.400945 437.975996 450.161679 471.241240 484.368392 464.717727 469.885792
-0.090390 -0.123645 450.919407 -3.198005 3.475013 -1.414742 437.793903 450.028630 471.193030 484.373015 464.643262 469.832127
-0.090798 -0.124470 450.891109 -3.210970 3.489015 -1.421679 437.702883 449.962124 471.168932 484.375326 464.606040 469.805302
-0.091601 -0.126135 450.834350 -3.236740 3.516843 -1.435546 437.521634 449.829691 471.120945 484.379927 464.531919 469.751885
-0.092003 -0.126976 450.805764 -3.249724 3.530862 -1.442519 437.431038 449.763496 471.096960 484.382227 464.494871 469.725185
-0.092798 -0.128672 450.748430 -3.275530 3.558721 -1.456461 437.250646 449.631690 471.049200 484.386807 464.421101 469.672021
-0.093196 -0.129529 450.719557 -3.288532 3.572756 -1.463472 437.160482 449.565810 471.025328 484.389096 464.384230 469.645448
-0.093981 -0.131254 450.661648 -3.314372 3.600641 -1.477495 436.980962 449.434641 470.977799 484.393653 464.310816 469.592541
-0.094374 -0.132125 450.632487 -3.327391 3.614688 -1.484548 436.891237 449.369082 470.954044 484.395931 464.274124 469.566098
-0.095151 -0.133878 450.574004 -3.353262 3.642595 -1.498659 436.712603 449.238560 470.906750 484.400466 464.201073 469.513452
-0.095540 -0.134763 450.544555 -3.366297 3.656652 -1.505757 436.623324 449.173327 470.883113 484.402732 464.164563 469.487140
-0.096309 -0.136543 450.485498 -3.392197 3.684574 -1.519963 436.445589 449.043462 470.836056 484.407244 464.091880 469.434759
-0.096694 -0.137441 450.455761 -3.405247 3.698639 -1.527109 436.356763 448.978560 470.812539 484.409499 464.055555 469.408580
-0.097454 -0.139247 450.396129 -3.431174 3.726573 -1.541414 436.179942 448.849363 470.765725 484.413988 463.983246 469.356469
-0.097836 -0.140157 450.366105 -3.444236 3.740643 -1.548612 436.091575 448.784796 470.742329 484.416232 463.947109 469.330426
-0.098589 -0.141987 450.305899 -3.470188 3.768584 -1.563023 435.915681 448.656276 470.695760 484.420697 463.875179 469.278587
-0.098966 -0.142909 450.275588 -3.483263 3.782657 -1.570275 435.827781 448.592050 470.672488 484.422929 463.839233 469.252682
-0.099712 -0.144761 450.214809 -3.509236 3.810600 -1.584799 435.652827 448.464217 470.626168 484.427370 463.767687 469.201120
-0.100086 -0.145695 450.184211 -3.522321 3.824673 -1.592107 435.565400 448.400337 470.603021 484.429590 463.731934 469.175354
-0.100825 -0.147569 450.122859 -3.548314 3.852614 -1.606747 435.391399 448.273201 470.556953 484.434007 463.660778 469.124073
-0.101195 -0.148513 450.091974 -3.561408 3.866685 -1.614115 435.304451 448.209671 470.533933 484.436214 463.625221 469.098449
-0.101927 -0.150407 450.030050 -3.587416 3.894619 -1.628877 435.131416 448.083240 470.488121 484.440607 463.554460 469.047453
-0.102294 -0.151361 449.998879 -3.600518 3.908685 -1.636306 435.044954 448.020065 470.465230 484.442802 463.519102 469.021971
-0.103020 -0.153275 449.936384 -3.626540 3.936608 -1.651194 434.872897 447.894349 470.419677 484.447170 463.448741 468.971264
-0.103383 -0.154239 449.904927 -3.639648 3.950668 -1.658687 434.786927 447.831534 470.396916 484.449352 463.413584 468.945927
-0.104102 -0.156172 449.841862 -3.665680 3.978574 -1.673703 434.615862 447.706542 470.351626 484.453695 463.343629 468.895512
-0.104463 -0.157145 449.810120 -3.678792 3.992626 -1.681262 434.530390 447.644091 470.328996 484.455865 463.308676 468.870322
-0.105175 -0.159095 449.746487 -3.704830 4.020512 -1.696411 434.360328 447.519832 470.283971 484.460182 463.239130 468.820202
-0.105532 -0.160077 449.714460 -3.717946 4.034553 -1.704037 434.275360 447.457749 470.261476 484.462339 463.204383 468.795161
-0.106238 -0.162045 449.650259 -3.743987 4.062415 -1.719321 434.106313 447.334232 470.216719 484.466631 463.135253 468.745340
-0.106592 -0.163036 449.617948 -3.757103 4.076443 -1.727015 434.021856 447.272522 470.194359 484.468775 463.100715 468.720449
-0.107291 -0.165020 449.553182 -3.783144 4.104276 -1.742437 433.853835 447.149755 470.149874 484.473041 463.032004 468.670931
-0.107642 -0.166019 449.520588 -3.796259 4.118289 -1.750199 433.769893 447.088421 470.127650 484.475172 462.997677 468.646192
-0.108335 -0.168020 449.455256 -3.822296 4.146089 -1.765761 433.602911 446.966413 470.083441 484.479411 462.929391 468.596980
-0.108683 -0.169026 449.422380 -3.835409 4.160085 -1.773594 433.519491 446.905461 470.061355 484.481529 462.895277 468.572395
-0.109369 -0.171043 449.356486 -3.861437 4.187847 -1.789297 433.353558 446.784219 470.017423 484.485741 462.827420 468.523492
-0.109713 -0.172058 449.323328 -3.874545 4.201824 -1.797200 433.270666 446.723653 469.995477 484.487845 462.793522 468.499063
-0.110393 -0.174090 449.256873 -3.900562 4.229546 -1.813046 433.105793 446.603186 469.951826 484.492031 462.726099 468.450472
-0.110734 -0.175112 449.223434 -3.913664 4.243502 -1.821021 433.023434 446.543009 469.930021 484.494122 462.692418 468.426200
-0.111407 -0.177160 449.156421 -3.939664 4.271178 -1.837009 432.859632 446.423324 469.886654 484.498280 462.625433 468.377925
-0.111744 -0.178190 449.122702 -3.952758 4.285111 -1.845057 432.777811 446.363540 469.864991 484.500357 462.591973 468.353811
-0.112410 -0.180253 449.055131 -3.978739 4.312738 -1.861189 432.615091 446.244647 469.821910 484.504488 462.525430 468.305855
-0.112744 -0.181290 449.021135 -3.991822 4.326646 -1.869309 432.533813 446.185259 469.800391 484.506552 462.492192 468.281901
-0.113403 -0.183368 448.953009 -4.017778 4.354221 -1.885587 432.372186 446.067164 469.757599 484.510655 462.426096 468.234267
-0.113733 -0.184413 448.918734 -4.030849 4.368102 -1.893779 432.291456 446.008177 469.736226 484.512704 462.393082 468.210475
-0.114385 -0.186506 448.850056 -4.056777 4.395620 -1.910202 432.130931 445.890887 469.693726 484.516780 462.327437 468.163166
-0.114712 -0.187558 448.815505 -4.069833 4.409472 -1.918467 432.050755 445.832305 469.672499 484.518815 462.294650 468.139537
-0.115356 -0.189666 448.746276 -4.095729 4.436929 -1.935036 431.891342 445.715827 469.630293 484.522862 462.229459 468.092556
-0.115679 -0.190726 448.711451 -4.108768 4.450750 -1.943374 431.811724 445.657653 469.609214 484.524883 462.196900 468.069091
-0.116316 -0.192848 448.641674 -4.134628 4.478144 -1.960089 431.653432 445.541995 469.567305 484.528902 462.132168 468.022440
-0.116635 -0.193916 448.606574 -4.147648 4.491932 -1.968500 431.574377 445.484232 469.546375 484.530909 462.099839 467.999142
-0.117264 -0.196053 448.536252 -4.173467 4.519259 -1.985361 431.417217 445.369400 469.504766 484.534898 462.035570 467.952824
-0.117580 -0.197128 448.500880 -4.186466 4.533012 -1.993846 431.338730 445.312052 469.483986 484.536891 462.003473 467.929693
-0.118201 -0.199281 448.430015 -4.212241 4.560267 -2.010854 431.182709 445.198053 469.442678 484.540852 461.939670 467.883711
-0.118512 -0.200363 448.394371 -4.225216 4.573985 -2.019412 431.104795 445.141124 469.422050 484.542830 461.907807 467.860749
-0.119126 -0.202531 448.322966 -4.250941 4.601165 -2.036567 430.949923 445.027964 469.381047 484.546761 461.844474 467.815106
-0.119433 -0.203621 448.287053 -4.263892 4.614845 -2.045199 430.872585 444.971456 469.360571 484.548725 461.812847 467.792313
-0.120038 -0.205803 448.215111 -4.289563 4.641947 -2.062501 430.718871 444.859142 469.319875 484.552627 461.749987 467.747012
-0.120342 -0.206901 448.178930 -4.302486 4.655587 -2.071206 430.642114 444.803059 469.299553 484.554576 461.718598 467.724390
-0.120938 -0.209099 448.106453 -4.328100 4.682608 -2.088656 430.489566 444.691597 469.259165 484.558448 461.656215 467.679432
-0.121238 -0.210205 448.070005 -4.340993 4.696206 -2.097435 430.413394 444.635941 469.238998 484.560382 461.625065 467.656983
-0.121826 -0.212418 447.996998 -4.366545 4.723141 -2.115033 430.262021 444.525337 469.198921 484.564225 461.563162 467.612371
-0.122121 -0.213531 447.960284 -4.379406 4.736697 -2.123886 430.186438 444.470111 469.178910 484.566144 461.532253 467.590096
-0.122701 -0.215760 447.886749 -4.404891 4.763543 -2.141631 430.036246 444.360371 469.139146 484.569957 461.470833 467.545832
-0.122992 -0.216881 447.849772 -4.417718 4.777054 -2.150559 429.961256 444.305579 469.119292 484.571860 461.440167 467.523731
-0.123563 -0.219126 447.775712 -4.443132 4.803809 -2.168453 429.812255 444.196708 469.079843 484.575643 461.379234 467.479819
-0.123849 -0.220254 447.738472 -4.455923 4.817273 -2.177455 429.737862 444.142352 469.060147 484.577532 461.348811 467.457894
-0.124412 -0.222515 447.663891 -4.481261 4.843933 -2.195497 429.590057 444.034356 469.021015 484.581284 461.288368 467.414334
-0.124693 -0.223651 447.626392 -4.494013 4.857348 -2.204573 429.516264 443.980438 469.001478 484.583157 461.258191 467.392586
-0.125247 -0.225927 447.551293 -4.519270 4.883909 -2.222764 429.369664 443.873322 468.962664 484.586879 461.198240 467.349381
-0.125524 -0.227072 447.513534 -4.531981 4.897275 -2.231915 429.296476 443.819846 468.943287 484.588737 461.168310 467.327811
-0.126068 -0.229364 447.437921 -4.557153 4.923734 -2.250255 429.151086 443.713615 468.904795 484.592428 461.108855 467.284963
-0.126341 -0.230517 447.399906 -4.569820 4.937048 -2.259480 429.078505 443.660582 468.885578 484.594271 461.079173 467.263572
-0.126875 -0.232824 447.323782 -4.594901 4.963402 -2.277969 428.934334 443.555241 468.847408 484.597931 461.020215 467.221082
-0.127143 -0.233985 447.285512 -4.607522 4.976662 -2.287269 428.862363 443.502655 468.828353 484.599758 460.990784 467.199872
-0.127668 -0.236309 447.208882 -4.632508 5.002907 -2.305906 428.719416 443.398208 468.790507 484.603387 460.932327 467.157743
-0.127931 -0.237477 447.170359 -4.645080 5.016112 -2.315280 428.648060 443.346070 468.771615 484.605198 460.903146 467.136713
-0.128446 -0.239817 447.093225 -4.669965 5.042245 -2.334064 428.506343 443.242523 468.734095 484.608796 460.845192 467.094947
-0.128703 -0.240994 447.054451 -4.682485 5.055393 -2.343512 428.435604 443.190836 468.715366 484.610592 460.816264 467.074099
-0.129208 -0.243349 446.976819 -4.707262 5.081409 -2.362443 428.295123 443.088192 468.678173 484.614158 460.758816 467.032698
-0.129460 -0.244534 446.937795 -4.719728 5.094498 -2.371964 428.225003 443.036957 468.659609 484.615938 460.730141 467.012032
-0.129953 -0.246905 446.859668 -4.744392 5.120394 -2.391040 428.085765 442.935221 468.622745 484.619473 460.673200 466.970997
-0.130200 -0.248098 446.820398 -4.756799 5.133422 -2.400633 428.016268 442.884441 468.604345 484.621237 460.644780 466.950515
-0.130681 -0.250485 446.741780 -4.781343 5.159193 -2.419852 427.878277 442.783616 468.567811 484.624741 460.588350 466.909847
-0.130922 -0.251685 446.702265 -4.793689 5.172158 -2.429516 427.809405 442.733294 468.549577 484.626489 460.560185 466.889550
-0.131391 -0.254087 446.623161 -4.818106 5.197801 -2.448874 427.672666 442.633383 468.513374 484.629960 460.504267 466.849251
-0.131625 -0.255295 446.583404 -4.830387 5.210701 -2.458607 427.604422 442.583520 468.495306 484.631693 460.476359 466.829138
-0.132080 -0.257712 446.503818 -4.854668 5.236211 -2.478101 427.468941 442.484528 468.459437 484.635132 460.420955 466.789210
-0.132308 -0.258928 446.463820 -4.866879 5.249043 -2.487901 427.401327 442.435125 468.441536 484.636849 460.393305 466.769283
-0.132749 -0.261359 446.383758 -4.891017 5.274414 -2.507525 427.267108 442.337056 468.406000 484.640256 460.338418 466.729727
-0.132969 -0.262582 446.343522 -4.903155 5.287175 -2.517390 427.200127 442.288115 468.388267 484.641957 460.311026 466.709986
-0.133394 -0.265028 446.262986 -4.927139 5.312403 -2.537138 427.067174 442.190971 468.353067 484.645332 460.256656 466.670803
-0.133606 -0.266257 446.222515 -4.939198 5.325092 -2.547064 427.000827 442.142493 468.335501 484.647016 460.229524 466.651250
-0.134014 -0.268716 446.141512 -4.963019 5.350169 -2.566928 426.869145 442.046278 468.300637 484.650359 460.175674 466.612441
-0.134217 -0.269952 446.100808 -4.974995 5.362782 -2.576911 426.803435 441.998265 468.283240 484.652027 460.148802 466.593076
-0.134606 -0.272424 446.019342 -4.998643 5.387704 -2.596883 426.673028 441.902981 468.248714 484.655338 460.095473 466.554643
-0.134800 -0.273666 445.978407 -5.010530 5.400237 -2.606917 426.607956 441.855435 468.231486 484.656990 460.068863 466.535465
-0.135169 -0.276150 445.896484 -5.033991 5.424995 -2.626985 426.478827 441.761085 468.197298 484.660268 460.016056 466.497409
-0.135351 -0.277397 445.855321 -5.045783 5.437446 -2.637066 426.414395 441.714007 468.180240 484.661904 459.989708 466.478420
-0.135698 -0.279892 445.772946 -5.069047 5.462034 -2.657219 426.286547 441.620593 468.146391 484.665149 459.937425 466.440741
-0.135870 -0.281145 445.731557 -5.080737 5.474398 -2.667339 426.222758 441.573984 468.129503 484.666769 459.911339 466.421942
-0.136193 -0.283649 445.648736 -5.103791 5.498807 -2.687562 426.096195 441.481509 468.095994 484.669982 459.859582 466.384642
-0.136352 -0.284907 445.607125 -5.115374 5.511080 -2.697716 426.033049 441.435370 468.079276 484.671585 459.833760 466.366032
-0.136649 -0.287419 445.523862 -5.138203 5.535303 -2.717994 425.907773 441.343836 468.046109 484.674765 459.782529 466.329111
-0.136795 -0.288681 445.482031 -5.149671 5.547480 -2.728173 425.845273 441.298168 468.029561 484.676352 459.756970 466.310691
-0.137065 -0.291201 445.398332 -5.172263 5.571507 -2.748490 425.721287 441.207576 467.996735 484.679499 459.706267 466.274151
-0.137197 -0.292466 445.356285 -5.183610 5.583585 -2.758685 425.659432 441.162381 467.980359 484.681070 459.680972 466.255921
-0.137438 -0.294993 445.272157 -5.205950 5.607406 -2.779024 425.536739 441.072733 467.947875 484.684185 459.630798 466.219762
-0.137555 -0.296261 445.229895 -5.217169 5.619379 -2.789226 425.475532 441.028011 467.931670 484.685738 459.605768 466.201723
-0.137766 -0.298792 445.145343 -5.239245 5.642986 -2.809569 425.354133 440.939310 467.899529 484.688820 459.556123 466.165945
-0.137868 -0.300062 445.102871 -5.250329 5.654849 -2.819770 425.293575 440.895061 467.883496 484.690358 459.531358 466.148098
-0.138048 -0.302597 445.017901 -5.272129 5.678231 -2.840098 425.173473 440.807307 467.851698 484.693407 459.482243 466.112702
-0.138135 -0.303870 444.975220 -5.283071 5.689980 -2.850288 425.113563 440.763533 467.835837 484.694928 459.457743 466.095046
-0.138285 -0.306407 444.889839 -5.304583 5.713128 -2.870583 424.994759 440.676727 467.804383 484.697944 459.409160 466.060032
-0.138356 -0.307681 444.846954 -5.315379 5.724757 -2.880754 424.935500 440.633428 467.788694 484.699448 459.384926 466.042568
-0.138475 -0.310221 444.761168 -5.336591 5.747661 -2.900999 424.817995 440.547572 467.757584 484.702431 459.336873 466.007938
-0.138532 -0.311495 444.718081 -5.347236 5.759166 -2.911142 424.759387 440.504748 467.742067 484.703919 459.312906 465.990665
-0.138622 -0.314035 444.631896 -5.368141 5.781817 -2.931321 424.643183 440.419842 467.711301 484.706869 459.265385 465.956418
-0.138663 -0.315310 444.588610 -5.378630 5.793193 -2.941428 424.585225 440.377494 467.695956 484.708340 459.241684 465.939337
-0.138726 -0.317851 444.502032 -5.399220 5.815582 -2.961527 424.470323 440.293539 467.665535 484.711257 459.194696 465.905474
-0.138754 -0.319126 444.458552 -5.409550 5.826826 -2.971591 424.413017 440.251668 467.650363 484.712712 459.171261 465.888585
-0.138792 -0.321666 444.371587 -5.429821 5.848946 -2.991597 424.299417 440.168664 467.620287 484.715596 459.124805 465.855105
-0.138808 -0.322941 444.327914 -5.439991 5.860054 -3.001613 424.242763 440.127269 467.605288 484.717034 459.101637 465.838408
-0.138823 -0.325481 444.240570 -5.459939 5.881897 -3.021516 424.130466 440.045217 467.575556 484.719885 459.055714 465.805313
-0.138829 -0.326755 444.196708 -5.469947 5.892865 -3.031478 424.074464 440.004298 467.560729 484.721307 459.032813 465.788808
-0.138825 -0.329294 444.108990 -5.489572 5.914426 -3.051271 423.963470 439.923199 467.531343 484.724125 458.987422 465.756096
-0.138822 -0.330567 444.064942 -5.499417 5.925252 -3.061177 423.908120 439.882756 467.516689 484.725530 458.964788 465.739784
-0.138803 -0.333105 443.976856 -5.518721 5.946526 -3.080854 423.798428 439.802608 467.487647 484.728315 458.919930 465.707456
-0.138793 -0.334378 443.932626 -5.528405 5.957207 -3.090702 423.743730 439.762642 467.473166 484.729703 458.897562 465.691336
-0.138764 -0.336915 443.844178 -5.547389 5.978192 -3.110261 423.635341 439.683446 467.444469 484.732455 458.853237 465.659392
-0.138749 -0.338187 443.799768 -5.556913 5.988727 -3.120050 423.581295 439.643956 467.430160 484.733827 458.831135 465.643464
-0.138712 -0.340721 443.710966 -5.575583 6.009420 -3.139492 423.474207 439.565711 467.401808 484.736545 458.787343 465.611904
-0.138695 -0.341993 443.666379 -5.584950 6.019809 -3.149222 423.420813 439.526697 467.387671 484.737901 458.765507 465.596168
-0.138656 -0.344525 443.577227 -5.603311 6.040210 -3.168551 423.315026 439.449403 467.359664 484.740587 458.722247 465.564991
-0.138638 -0.345795 443.532466 -5.612525 6.050452 -3.178224 423.262283 439.410865 467.345700 484.741926 458.700678 465.549446
-0.138600 -0.348326 443.442971 -5.630584 6.070562 -3.197443 423.157796 439.334520 467.318036 484.744578 458.657949 465.518653
-0.138583 -0.349595 443.398040 -5.639647 6.080658 -3.207063 423.105703 439.296457 467.304244 484.745901 458.636646 465.503300
-0.138550 -0.352123 443.308208 -5.657412 6.100478 -3.226179 423.002515 439.221061 467.276925 484.748520 458.594448 465.472889
-0.138536 -0.353390 443.263108 -5.666329 6.110429 -3.235749 422.951072 439.183474 467.263305 484.749826 458.573411 465.457728
-0.138512 -0.355915 443.172944 -5.683808 6.129964 -3.254772 422.849181 439.109026 467.236329 484.752413 458.531744 465.427699
-0.138503 -0.357180 443.127680 -5.692583 6.139771 -3.264296 422.798387 439.071912 467.222881 484.753702 458.510972 465.412730
-0.138490 -0.359701 443.037190 -5.709785 6.159023 -3.283236 422.697792 438.998410 467.196247 484.756256 458.469834 465.383083
-0.138487 -0.360964 442.991764 -5.718423 6.168690 -3.292719 422.647646 438.961770 467.182971 484.757529 458.449327 465.368304
-0.138488 -0.363480 442.900954 -5.735357 6.187664 -3.311586 422.548344 438.889214 467.156680 484.760050 458.408719 465.339038
-0.138492 -0.364740 442.855369 -5.743861 6.197192 -3.321034 422.498845 438.853046 467.143575 484.761307 458.388476 465.324450
-0.138509 -0.367250 442.764244 -5.760535 6.215894 -3.339839 422.400834 438.781433 467.117626 484.763795 458.348396 465.295565
-0.138522 -0.368508 442.718503 -5.768910 6.225286 -3.349259 422.351981 438.745738 467.104692 484.765035 458.328418 465.281167
-0.138558 -0.371010 442.627070 -5.785332 6.243721 -3.368014 422.255259 438.675066 467.079084 484.767491 458.288864 465.252662
-0.138580 -0.372264 442.581176 -5.793582 6.252980 -3.377411 422.207051 438.639842 467.066321 484.768714 458.269150 465.238454
-0.138635 -0.374758 442.489440 -5.809761 6.271155 -3.396128 422.111615 438.570110 467.041054 484.771137 458.230122 465.210328
-0.138667 -0.376008 442.443395 -5.817890 6.280284 -3.405507 422.064050 438.535356 467.028460 484.772345 458.210670 465.196310
-0.138743 -0.378493 442.351362 -5.833832 6.298205 -3.424198 421.969897 438.466562 467.003533 484.774735 458.172168 465.168561
-0.138786 -0.379737 442.305170 -5.841844 6.307207 -3.433566 421.922974 438.432277 466.991110 484.775926 458.152979 465.154732
-0.138883 -0.382211 442.212847 -5.857557 6.324880 -3.452242 421.830101 438.364418 466.966521 484.778284 458.114999 465.127362
-0.138937 -0.383450 442.166510 -5.865454 6.333760 -3.461605 421.783818 438.330600 466.954267 484.779459 458.096072 465.113721
-0.139057 -0.385912 442.073902 -5.880944 6.351191 -3.480276 421.692222 438.263674 466.930017 484.781784 458.058615 465.086727
-0.139122 -0.387144 442.027425 -5.888730 6.359950 -3.489638 421.646577 438.230323 466.917932 484.782943 458.039949 465.073274
-0.139265 -0.389592 441.934538 -5.904003 6.377146 -3.508317 421.556255 438.164328 466.894019 484.785236 458.003012 465.046655
-0.139342 -0.390817 441.887922 -5.911681 6.385788 -3.517683 421.511247 438.131442 466.882103 484.786379 457.984606 465.033391
-0.139507 -0.393250 441.794763 -5.926741 6.402755 -3.536377 421.422194 438.066374 466.858525 484.788639 457.948189 465.007145
-0.139595 -0.394467 441.748013 -5.934312 6.411283 -3.545753 421.377820 438.033952 466.846777 484.789766 457.930043 464.994068
-0.139784 -0.396884 441.654588 -5.949164 6.428027 -3.564472 421.290033 437.969808 466.823535 484.791995 457.894143 464.968196
-0.139884 -0.398093 441.607706 -5.956631 6.436443 -3.573861 421.246292 437.937848 466.811954 484.793105 457.876255 464.955305
-0.140096 -0.400492 441.514022 -5.971279 6.452970 -3.592612 421.159765 437.874626 466.789046 484.795302 457.840871 464.929804
-0.140207 -0.401692 441.467011 -5.978644 6.461278 -3.602019 421.116656 437.843127 466.777632 484.796396 457.823242 464.917099
-0.140442 -0.404072 441.373074 -5.993092 6.477593 -3.620811 421.031386 437.780824 466.755057 484.798561 457.788371 464.891969
-0.140565 -0.405262 441.325938 -6.000356 6.485795 -3.630239 420.988904 437.749784 466.743809 484.799639 457.770999 464.879449
-0.140822 -0.407622 441.231756 -6.014606 6.501903 -3.649077 420.904886 437.688395 466.721565 484.801772 457.736640 464.854687
-0.140957 -0.408802 441.184498 -6.021772 6.510002 -3.658530 420.863031 437.657812 466.710484 484.802835 457.719524 464.842352
-0.141237 -0.411141 441.090077 -6.035826 6.525908 -3.677421 420.780260 437.597335 466.688570 484.804936 457.685676 464.817958
-0.141382 -0.412311 441.042701 -6.042894 6.533906 -3.686901 420.739028 437.567208 466.677653 484.805983 457.668814 464.805807
-0.141685 -0.414628 440.948048 -6.056754 6.549615 -3.705850 420.657500 437.507638 466.656068 484.808052 457.635474 464.781779
-0.141841 -0.415786 440.900558 -6.063726 6.557514 -3.715360 420.616889 437.477965 466.645316 484.809083 457.618866 464.769810
-0.142165 -0.418080 440.805679 -6.077396 6.573029 -3.734372 420.536598 437.419299 466.624059 484.811122 457.586032 464.746147
-0.142332 -0.419227 440.758078 -6.084271 6.580832 -3.743914 420.496605 437.390077 466.613470 484.812137 457.569677 464.734361
-0.142678 -0.421498 440.662982 -6.097752 6.596157 -3.762994 420.417546 437.332311 466.592539 484.814144 457.537347 464.711061
-0.142855 -0.422633 440.615273 -6.104532 6.603865 -3.772570 420.378168 437.303540 466.582114 484.815144 457.521243 464.699456
-0.143221 -0.424880 440.519967 -6.117825 6.619005 -3.791721 420.300335 437.246669 466.561507 484.817120 457.489414 464.676517
-0.143409 -0.426003 440.472155 -6.124511 6.626619 -3.801333 420.261570 437.218345 466.551243 484.818104 457.473562 464.665093
-0.143795 -0.428225 440.376646 -6.137617 6.641575 -3.820559 420.184956 437.162366 466.530960 484.820049 457.442231 464.642513
-0.143993 -0.429335 440.328734 -6.144209 6.649098 -3.830209 420.146801 437.134488 466.520858 484.821017 457.426628 464.631269
-0.144398 -0.431533 440.233030 -6.157130 6.663875 -3.849511 420.071402 437.079396 466.500895 484.822932 457.395794 464.609047
-0.144606 -0.432631 440.185022 -6.163629 6.671307 -3.859200 420.033853 437.051960 466.490954 484.823885 457.380439 464.597981
-0.145030 -0.434803 440.089131 -6.176366 6.685906 -3.878583 419.959662 436.997751 466.471312 484.825768 457.350099 464.576116
-0.145247 -0.435888 440.041031 -6.182773 6.693250 -3.888312 419.922717 436.970757 466.461530 484.826706 457.334991 464.565228
-0.145688 -0.438035 439.944960 -6.195327 6.707673 -3.907776 419.849727 436.917425 466.442206 484.828559 457.305142 464.543716
-0.145913 -0.439107 439.896772 -6.201642 6.714929 -3.917547 419.813382 436.890869 466.432583 484.829482 457.290279 464.533005
-0.146372 -0.441228 439.800530 -6.214015 6.729179 -3.937095 419.741586 436.838411 466.413575 484.831305 457.260919 464.511846
-0.146606 -0.442287 439.752257 -6.220239 6.736347 -3.946908 419.705839 436.812291 466.404110 484.832212 457.246300 464.501311
-0.147080 -0.444382 439.655852 -6.232431 6.750425 -3.966541 419.635231 436.760701 466.385417 484.834005 457.217426 464.480501
-0.147321 -0.445428 439.607499 -6.238564 6.757506 -3.976397 419.600077 436.735015 466.376109 484.834897 457.203050 464.470141
-0.147810 -0.447498 439.510939 -6.250577 6.771413 -3.996117 419.530651 436.684287 466.357728 484.836659 457.174658 464.449680
-0.148059 -0.448531 439.462510 -6.256620 6.778409 -4.006016 419.496086 436.659032 466.348577 484.837537 457.160524 464.439493
-0.148562 -0.450574 439.365803 -6.268455 6.792147 -4.025823 419.427834 436.609162 466.330507 484.839270 457.132612 464.419378
-0.148818 -0.451594 439.317302 -6.274409 6.799058 -4.035766 419.393856 436.584336 466.321511 484.840132 457.118717 464.409365
-0.149334 -0.453611 439.220456 -6.286068 6.812627 -4.055661 419.326770 436.535318 466.303750 484.841835 457.091283 464.389593
-0.149595 -0.454618 439.171888 -6.291933 6.819452 -4.065648 419.293375 436.510918 466.294908 484.842683 457.077626 464.379751
-0.150123 -0.456608 439.074913 -6.303416 6.832853 -4.085631 419.227448 436.462747 466.277454 484.844357 457.050666 464.360322
-0.150390 -0.457602 439.026281 -6.309192 6.839594 -4.095663 419.194631 436.438769 466.268765 484.845190 457.037246 464.350650
-0.150928 -0.459566 438.929184 -6.320502 6.852827 -4.115735 419.129856 436.391440 466.251616 484.846834 457.010757 464.331560
-0.151201 -0.460547 438.880493 -6.326191 6.859484 -4.125811 419.097615 436.367882 466.243080 484.847653 456.997572 464.322058
-0.151748 -0.462485 438.783284 -6.337328 6.872550 -4.145971 419.033983 436.321389 466.226233 484.849268 456.971550 464.303305
-0.152026 -0.463452 438.734538 -6.342930 6.879122 -4.156091 419.002313 436.298248 466.217848 484.850072 456.958599 464.293971
-0.152581 -0.465363 438.637226 -6.353896 6.892020 -4.176339 418.939816 436.252584 466.201301 484.851659 456.933042 464.275552
-0.152862 -0.466317 438.588430 -6.359412 6.898509 -4.186503 418.908713 436.229858 466.193067 484.852448 456.920322 464.266386
-0.153425 -0.468202 438.491022 -6.370208 6.911240 -4.206839 418.847344 436.185018 466.176819 484.854006 456.895226 464.248300
-0.153709 -0.469142 438.442180 -6.375639 6.917644 -4.217046 418.816804 436.162703 466.168733 484.854782 456.882737 464.239299
-0.154278 -0.471000 438.344687 -6.386266 6.930208 -4.237469 418.756554 436.118681 466.152782 484.856311 456.858098 464.221542
-0.154565 -0.471927 438.295804 -6.391613 6.936527 -4.247720 418.726573 436.096775 466.144844 484.857072 456.845837 464.212707
-0.155139 -0.473759 438.198234 -6.402073 6.948924 -4.268228 418.667433 436.053563 466.129187 484.858574 456.821653 464.195277
-0.155429 -0.474672 438.149315 -6.407336 6.955159 -4.278521 418.638007 436.032062 466.121396 484.859321 456.809619 464.186605
-0.156006 -0.476476 438.051677 -6.417631 6.967388 -4.299113 418.579970 435.989656 466.106030 484.860794 456.785885 464.169500
-0.156297 -0.477376 438.002726 -6.422811 6.973539 -4.309448 418.551093 435.968557 466.098385 484.861527 456.774076 464.160990
-0.156877 -0.479152 437.905030 -6.432942 6.985600 -4.330123 418.494149 435.926950 466.083309 484.862973 456.750790 464.144208
-0.157170 -0.480038 437.856051 -6.438039 6.991666 -4.340499 418.465818 435.906250 466.075808 484.863692 456.739204 464.135858
-0.157752 -0.481787 437.758305 -6.448008 7.003559 -4.361254 418.409959 435.865435 466.061019 484.865110 456.716361 464.119396
-0.158045 -0.482659 437.709304 -6.453024 7.009540 -4.371670 418.382169 435.845130 466.053661 484.865816 456.704996 464.111206
-0.158627 -0.484380 437.611519 -6.462831 7.021265 -4.392505 418.327385 435.805101 466.039157 484.867206 456.682593 464.095060
-0.158920 -0.485238 437.562499 -6.467766 7.027161 -4.402960 418.300132 435.785189 466.031941 484.867898 456.671448 464.087028
-0.159503 -0.486930 437.464684 -6.477414 7.038717 -4.423871 418.246414 435.745939 466.017719 484.869262 456.649481 464.071197
-0.159796 -0.487774 437.415651 -6.482268 7.044528 -4.434364 418.219693 435.726415 466.010645 484.869940 456.638553 464.063322
-0.160377 -0.489437 437.317815 -6.491758 7.055915 -4.455349 418.167032 435.687937 465.996702 484.871277 456.617018 464.047802
-0.160669 -0.490266 437.268774 -6.496533 7.061641 -4.465879 418.140839 435.668798 465.989768 484.871942 456.606306 464.040082
-0.161249 -0.491901 437.170927 -6.505866 7.072859 -4.486936 418.089225 435.631086 465.976103 484.873253 456.585199 464.024871
-0.161540 -0.492715 437.121882 -6.510562 7.078500 -4.497501 418.063554 435.612329 465.969306 484.873904 456.574702 464.017305
-0.162117 -0.494319 437.024034 -6.519740 7.089549 -4.518627 418.012978 435.575375 465.955916 484.875188 456.554019 464.002400
-0.162406 -0.495119 436.974990 -6.524358 7.095104 -4.529226 417.987826 435.556997 465.949256 484.875827 456.543733 463.994987
-0.162979 -0.496693 436.877150 -6.533382 7.105983 -4.550418 417.938277 435.520794 465.936138 484.877085 456.523471 463.980384
-0.163267 -0.497477 436.828112 -6.537923 7.111453 -4.561049 417.913638 435.502790 465.929615 484.877710 456.513395 463.973123
-0.163836 -0.499020 436.730290 -6.546794 7.122163 -4.582303 417.865108 435.467331 465.916766 484.878942 456.493549 463.958820
-0.164121 -0.499789 436.681263 -6.551258 7.127547 -4.592966 417.840976 435.449699 465.910377 484.879555 456.483680 463.951708
-0.164686 -0.501301 436.583470 -6.559978 7.138088 -4.614280 417.793455 435.414977 465.897796 484.880761 456.464247 463.937703
-0.164969 -0.502054 436.534459 -6.564366 7.143387 -4.624971 417.769826 435.397712 465.891540 484.881361 456.454584 463.930739
-0.165527 -0.503534 436.436703 -6.572936 7.153758 -4.646341 417.723303 435.363719 465.879223 484.882542 456.435559 463.917028
-0.165807 -0.504270 436.387712 -6.577248 7.158971 -4.657060 417.700173 435.346819 465.873099 484.883129 456.426100 463.910212
-0.166360 -0.505718 436.290004 -6.585670 7.169173 -4.678482 417.654637 435.313548 465.861043 484.884285 456.407479 463.896792
-0.166637 -0.506438 436.241040 -6.589907 7.174301 -4.689227 417.632000 435.297007 465.855050 484.884860 456.398221 463.890120
-0.167184 -0.507853 436.143390 -6.598181 7.184334 -4.710698 417.587443 435.264451 465.843253 484.885991 456.380000 463.876988
-0.167458 -0.508557 436.094456 -6.602345 7.189377 -4.721466 417.565293 435.248266 465.837388 484.886553 456.370942 463.870460
-0.167997 -0.509938 435.996874 -6.610472 7.199241 -4.742982 417.521703 435.216417 465.825848 484.887660 456.353116 463.857614
-0.168267 -0.510624 435.947976 -6.614562 7.204199 -4.753772 417.500036 435.200585 465.820111 484.888210 456.344255 463.851228
-0.168800 -0.511971 435.850472 -6.622545 7.213895 -4.775329 417.457403 435.169435 465.808824 484.889292 456.326821 463.838664
-0.169066 -0.512640 435.801615 -6.626562 7.218768 -4.786139 417.436213 435.153952 465.803214 484.889830 456.318156 463.832419
-0.169591 -0.513953 435.704199 -6.634402 7.228295 -4.807733 417.394526 435.123493 465.792177 484.890889 456.301108 463.820133
-0.169854 -0.514604 435.655389 -6.638347 7.233084 -4.818562 417.373808 435.108355 465.786692 484.891415 456.292636 463.814027
-0.170370 -0.515881 435.558071 -6.646043 7.242445 -4.840189 417.333057 435.078580 465.775903 484.892449 456.275971 463.802017
-0.170629 -0.516515 435.509312 -6.649917 7.247150 -4.851033 417.312806 435.063783 465.770541 484.892963 456.267689 463.796049
-0.171138 -0.517756 435.412103 -6.657472 7.256343 -4.872689 417.272980 435.034683 465.759997 484.893974 456.251403 463.784312
-0.171392 -0.518372 435.363400 -6.661274 7.260964 -4.883547 417.253190 435.020223 465.754757 484.894477 456.243310 463.778479
-0.171892 -0.519577 435.266309 -6.668691 7.269992 -4.905229 417.214278 434.991792 465.744455 484.895465 456.227397 463.767011
-0.172142 -0.520174 435.217668 -6.672422 7.274529 -4.916099 417.194944 434.977665 465.739337 484.895955 456.219491 463.761313
-0.172633 -0.521342 435.120708 -6.679698 7.283392 -4.937801 417.156936 434.949894 465.729274 484.896920 456.203948 463.750112
-0.172879 -0.521922 435.072133 -6.683360 7.287846 -4.948681 417.138052 434.936096 465.724274 484.897400 456.196225 463.744546
-0.173361 -0.523053 434.975312 -6.690498 7.296545 -4.970400 417.100935 434.908976 465.714447 484.898342 456.181047 463.733608
-0.173603 -0.523613 434.926809 -6.694090 7.300916 -4.981287 417.082496 434.895503 465.709565 484.898810 456.173506 463.728173
-0.174076 -0.524706 434.830138 -6.701092 7.309452 -5.003019 417.046261 434.869028 465.699972 484.899730 456.158688 463.717494
-0.174313 -0.525248 434.781712 -6.704615 7.313741 -5.013912 417.028261 434.855876 465.695206 484.900187 456.151327 463.712189
-0.174777 -0.526304 434.685202 -6.711481 7.322115 -5.035652 416.992896 434.830036 465.685843 484.901085 456.136865 463.701767
-0.175009 -0.526826 434.636858 -6.714936 7.326323 -5.046548 416.975330 434.817201 465.681192 484.901531 456.129681 463.696590
-0.175463 -0.527844 434.540519 -6.721667 7.334536 -5.068292 416.940824 434.791988 465.672057 484.902407 456.115570 463.686420
-0.175690 -0.528347 434.492264 -6.725054 7.338663 -5.079190 416.923686 434.779466 465.667519 484.902842 456.108562 463.681370
-0.176136 -0.529326 434.396106 -6.731652 7.346716 -5.100934 416.890027 434.754873 465.658608 484.903696 456.094798 463.671450
-0.176358 -0.529810 434.347944 -6.734972 7.350763 -5.111831 416.873311 434.742659 465.654182 484.904121 456.087962 463.666523
-0.176794 -0.530751 434.251978 -6.741438 7.358659 -5.133571 416.840489 434.718677 465.645492 484.904954 456.074539 463.656850
-0.177012 -0.531216 434.203914 -6.744691 7.362626 -5.144466 416.824190 434.706768 465.641177 484.905368 456.067874 463.652047
-0.177438 -0.532118 434.108151 -6.751026 7.370364 -5.166198 416.792192 434.683388 465.632706 484.906180 456.054789 463.642617
-0.177650 -0.532564 434.060190 -6.754213 7.374253 -5.177087 416.776305 434.671779 465.628499 484.906583 456.048292 463.637934
-0.178067 -0.533427 433.964641 -6.760418 7.381836 -5.198807 416.745120 434.648994 465.620243 484.907375 456.035539 463.628744
-0.178275 -0.533853 433.916789 -6.763540 7.385647 -5.209689 416.729638 434.637682 465.616144 484.907768 456.029208 463.624181
-0.178682 -0.534678 433.821464 -6.769615 7.393077 -5.231393 416.699256 434.615482 465.608100 484.908539 456.016783 463.615227
-0.178885 -0.535085 433.773726 -6.772671 7.396810 -5.242267 416.684173 434.604462 465.604107 484.908922 456.010615 463.610782
-0.179282 -0.535872 433.678636 -6.778619 7.404088 -5.263949 416.654581 434.582840 465.596272 484.909673 455.998514 463.602060
-0.179480 -0.536260 433.631017 -6.781611 7.407745 -5.274812 416.639892 434.572107 465.592383 484.910046 455.992507 463.597731
-0.179867 -0.537008 433.536173 -6.787432 7.414873 -5.296470 416.611079 434.551055 465.584755 484.910778 455.980724 463.589240
-0.180060 -0.537377 433.488679 -6.790360 7.418454 -5.307320 416.596778 434.540605 465.580968 484.911141 455.974876 463.585025
-0.180438 -0.538087 433.394091 -6.796055 7.425433 -5.328950 416.568732 434.520113 465.573543 484.911853 455.963407 463.576760
-0.180626 -0.538436 433.346727 -6.798920 7.428939 -5.339785 416.554813 434.509943 465.569858 484.912206 455.957715 463.572657
-0.180994 -0.539109 433.252406 -6.804491 7.435772 -5.361383 416.527523 434.490003 465.562633 484.912899 455.946555 463.564615
-0.181177 -0.539440 433.205178 -6.807293 7.439204 -5.372202 416.513981 434.480108 465.559048 484.913243 455.941017 463.560623
-0.181535 -0.540075 433.111134 -6.812740 7.445892 -5.393763 416.487435 434.460712 465.552019 484.913917 455.930161 463.552800
-0.181713 -0.540387 433.064047 -6.815481 7.449252 -5.404563 416.474263 434.451088 465.548532 484.914251 455.924774 463.548918
-0.182061 -0.540985 432.970293 -6.820806 7.455796 -5.426085 416.448450 434.432227 465.541698 484.914906 455.914218 463.541310
-0.182235 -0.541279 432.923352 -6.823484 7.459084 -5.436864 416.435642 434.422869 465.538307 484.915232 455.908981 463.537536
-0.182573 -0.541840 432.829897 -6.828688 7.465488 -5.458342 416.410550 434.404534 465.531664 484.915869 455.898719 463.530141
-0.182742 -0.542116 432.783108 -6.831306 7.468705 -5.469099 416.398101 434.395439 465.528368 484.916185 455.893629 463.526472
-0.183070 -0.542642 432.689964 -6.836390 7.474969 -5.490530 416.373717 434.377622 465.521912 484.916804 455.883657 463.519286
-0.183234 -0.542899 432.643332 -6.838946 7.478116 -5.501263 416.361622 434.368785 465.518710 484.917111 455.878711 463.515721
-0.183552 -0.543390 432.550509 -6.843912 7.484244 -5.522643 416.337936 434.351478 465.512439 484.917712 455.869024 463.508740
-0.183711 -0.543630 432.504040 -6.846410 7.487322 -5.533349 416.326187 434.342894 465.509328 484.918010 455.864220 463.505278
-0.184020 -0.544086 432.411549 -6.851258 7.493314 -5.554675 416.303186 434.326088 465.503238 484.918594 455.854814 463.498499
-0.184174 -0.544309 432.365249 -6.853695 7.496325 -5.565353 416.291779 434.317753 465.500218 484.918884 455.850149 463.495137
-0.184473 -0.544731 432.273101 -6.858428 7.502184 -5.586621 416.269452 434.301440 465.494307 484.919451 455.841019 463.488557
-0.184622 -0.544937 432.226974 -6.860808 7.505127 -5.597269 416.258381 434.293350 465.491376 484.919732 455.836491 463.485294
-0.184912 -0.545327 432.135180 -6.865424 7.510855 -5.618476 416.236716 434.277520 465.485640 484.920282 455.827631 463.478909
-0.185056 -0.545516 432.089232 -6.867746 7.513732 -5.629093 416.225974 434.269671 465.482796 484.920554 455.823239 463.475744
-0.185335 -0.545873 431.997803 -6.872249 7.519332 -5.650234 416.204959 434.254317 465.477232 484.921088 455.814645 463.469550
-0.185475 -0.546047 431.952040 -6.874513 7.522144 -5.660819 416.194541 434.246704 465.474474 484.921352 455.810384 463.466480
-0.185745 -0.546373 431.860986 -6.878903 7.527617 -5.681892 416.174165 434.231816 465.469079 484.921870 455.802052 463.460475
-0.185879 -0.546531 431.815413 -6.881111 7.530366 -5.692441 416.164065 434.224436 465.466405 484.922126 455.797921 463.457498
-0.186139 -0.546826 431.724746 -6.885391 7.535714 -5.713443 416.144316 434.210007 465.461177 484.922627 455.789845 463.451678
-0.186269 -0.546969 431.679369 -6.887543 7.538400 -5.723956 416.134527 434.202854 465.458585 484.922876 455.785842 463.448793
-0.186520 -0.547236 431.589100 -6.891712 7.543625 -5.744882 416.115394 434.188874 465.453519 484.923362 455.778018 463.443154
-0.186644 -0.547364 431.543924 -6.893809 7.546250 -5.755358 416.105912 434.181946 465.451009 484.923602 455.774140 463.440360
-0.186885 -0.547602 431.454063 -6.897870 7.551354 -5.776206 416.087382 434.168407 465.446103 484.924073 455.766563 463.434899
-0.187005 -0.547716 431.409093 -6.899913 7.553918 -5.786642 416.078200 434.161698 465.443672 484.924306 455.762808 463.432192
-0.187237 -0.547927 431.319653 -6.903867 7.558904 -5.807408 416.060262 434.148591 465.438923 484.924761 455.755472 463.426906
-0.187352 -0.548028 431.274895 -6.905855 7.561409 -5.817803 416.051375 434.142097 465.436570 484.924987 455.751838 463.424287
-0.187574 -0.548213 431.185885 -6.909704 7.566278 -5.838485 416.034017 434.129415 465.431974 484.925428 455.744740 463.419171
-0.187684 -0.548301 431.141344 -6.911638 7.568724 -5.848836 416.025418 434.123132 465.429698 484.925646 455.741223 463.416637
-0.187897 -0.548460 431.052776 -6.915383 7.573480 -5.869431 416.008630 434.110865 465.425253 484.926072 455.734358 463.411689
-0.188002 -0.548536 431.008458 -6.917265 7.575868 -5.879738 416.000314 434.104789 465.423051 484.926283 455.730957 463.409238
-0.188205 -0.548672 430.920342 -6.920907 7.580512 -5.900241 415.984083 434.092930 465.418754 484.926695 455.724319 463.404455
-0.188306 -0.548736 430.876253 -6.922738 7.582844 -5.910502 415.976044 434.087056 465.416626 484.926899 455.721032 463.402086
-0.188499 -0.548849 430.788601 -6.926278 7.587376 -5.930912 415.960359 434.075595 465.412473 484.927298 455.714618 463.397463
-0.188595 -0.548902 430.744746 -6.928058 7.589653 -5.941125 415.952592 434.069920 465.410416 484.927495 455.711441 463.395174
-0.188779 -0.548994 430.657568 -6.931499 7.594078 -5.961438 415.937441 434.058850 465.406405 484.927879 455.705245 463.390709
-0.188871 -0.549037 430.613952 -6.933229 7.596301 -5.971602 415.929939 434.053369 465.404419 484.928070 455.702178 463.388498
-0.189045 -0.549109 430.527260 -6.936571 7.600619 -5.991815 415.915311 434.042681 465.400546 484.928441 455.696196 463.384187
-0.189132 -0.549141 430.483888 -6.938252 7.602788 -6.001929 415.908070 434.037389 465.398629 484.928625 455.693234 463.382053
-0.189297 -0.549194 430.397693 -6.941498 7.607003 -6.022039 415.893953 434.027075 465.394892 484.928983 455.687462 463.377892
-0.189379 -0.549218 430.354572 -6.943129 7.609119 -6.032101 415.886966 434.021970 465.393042 484.929161 455.684604 463.375833
-0.189535 -0.549253 430.268883 -6.946280 7.613231 -6.052105 415.873350 434.012021 465.389437 484.929506 455.679036 463.371820
-0.189612 -0.549268 430.226018 -6.947864 7.615297 -6.062113 415.866611 434.007097 465.387653 484.929677 455.676280 463.369834
-0.189759 -0.549288 430.140848 -6.950922 7.619309 -6.082008 415.853485 433.997506 465.384177 484.930011 455.670912 463.365966
-0.189831 -0.549295 430.098244 -6.952458 7.621324 -6.091961 415.846989 433.992760 465.382458 484.930176 455.668256 463.364051
-0.189968 -0.549299 430.013603 -6.955425 7.625238 -6.111745 415.834340 433.983518 465.379109 484.930497 455.663083 463.360324
-0.190036 -0.549299 429.971266 -6.956916 7.627203 -6.121642 415.828082 433.978945 465.377452 484.930656 455.660524 463.358479
-0.190164 -0.549290 429.887166 -6.959792 7.631021 -6.141310 415.815900 433.970044 465.374227 484.930965 455.655542 463.354889
-0.190228 -0.549283 429.845101 -6.961237 7.632937 -6.151150 415.809874 433.965641 465.372631 484.931118 455.653078 463.353113
-0.190347 -0.549262 429.761551 -6.964024 7.636661 -6.170701 415.798148 433.957073 465.369527 484.931416 455.648283 463.349657
-0.190405 -0.549249 429.719763 -6.965425 7.638530 -6.180481 415.792348 433.952835 465.367991 484.931563 455.645911 463.347948
-0.190515 -0.549217 429.636776 -6.968125 7.642160 -6.199911 415.781067 433.944593 465.365004 484.931849 455.641297 463.344623
-0.190569 -0.549199 429.595272 -6.969481 7.643983 -6.209630 415.775488 433.940516 465.363527 484.931991 455.639016 463.342979
-0.190669 -0.549158 429.512857 -6.972096 7.647521 -6.228938 415.764640 433.932590 465.360655 484.932266 455.634580 463.339782
-0.190719 -0.549135 429.471641 -6.973411 7.649298 -6.238595 415.759277 433.928672 465.359235 484.932402 455.632387 463.338201
-0.190810 -0.549086 429.389810 -6.975942 7.652748 -6.257776 415.748853 433.921055 465.356475 484.932667 455.628124 463.335129
-0.190855 -0.549059 429.348888 -6.977214 7.654480 -6.267369 415.743699 433.917290 465.355111 484.932798 455.626016 463.333610
-0.190937 -0.549003 429.267651 -6.979665 7.657843 -6.286421 415.733687 433.909974 465.352460 484.933052 455.621922 463.330660
-0.190977 -0.548973 429.227028 -6.980895 7.659531 -6.295949 415.728739 433.906358 465.351150 484.933178 455.619899 463.329201
-0.191051 -0.548911 429.146396 -6.983266 7.662808 -6.314870 415.719129 433.899337 465.348606 484.933422 455.615969 463.326369
-0.191086 -0.548880 429.106078 -6.984456 7.664453 -6.324332 415.714380 433.895867 465.347349 484.933542 455.614026 463.324969
-0.191151 -0.548814 429.026062 -6.986747 7.667645 -6.343117 415.705161 433.889131 465.344908 484.933776 455.610257 463.322253
-0.191182 -0.548780 428.986054 -6.987898 7.669248 -6.352512 415.700606 433.885803 465.343702 484.933892 455.608394 463.320910
-0.191238 -0.548711 428.906665 -6.990113 7.672359 -6.371160 415.691768 433.879345 465.341362 484.934116 455.604780 463.318305
-0.191264 -0.548676 428.866972 -6.991226 7.673920 -6.380485 415.687402 433.876155 465.340206 484.934227 455.602994 463.317019
-0.191311 -0.548606 428.788220 -6.993366 7.676949 -6.398993 415.678934 433.869968 465.337964 484.934442 455.599531 463.314523
-0.191333 -0.548571 428.748848 -6.994441 7.678470 -6.408247 415.674752 433.866912 465.336857 484.934548 455.597821 463.313291
-0.191371 -0.548501 428.670744 -6.996509 7.681420 -6.426613 415.666645 433.860988 465.334710 484.934754 455.594506 463.310901
-0.191388 -0.548465 428.631698 -6.997547 7.682901 -6.435795 415.662641 433.858063 465.333650 484.934856 455.592868 463.309721
-0.191417 -0.548397 428.554253 -6.999542 7.685774 -6.454014 415.654884 433.852395 465.331597 484.935053 455.589696 463.307435
-0.191430 -0.548362 428.515539 -7.000544 7.687216 -6.463123 415.651054 433.849597 465.330583 484.935150 455.588130 463.306306
-0.191451 -0.548296 428.438762 -7.002471 7.690014 -6.481194 415.643637 433.844177 465.328619 484.935338 455.585097 463.304120
-0.191459 -0.548263 428.400384 -7.003438 7.691418 -6.490228 415.639975 433.841502 465.327650 484.935431 455.583599 463.303041
-0.191471 -0.548201 428.324287 -7.005296 7.694140 -6.508148 415.632888 433.836323 465.325773 484.935611 455.580701 463.300953
-0.191475 -0.548171 428.286251 -7.006230 7.695506 -6.517105 415.629391 433.833768 465.324847 484.935700 455.579271 463.299922
-0.191478 -0.548114 428.210845 -7.008022 7.698157 -6.534871 415.622623 433.828823 465.323055 484.935872 455.576503 463.297927
-0.191478 -0.548086 428.173156 -7.008922 7.699486 -6.543751 415.619285 433.826384 465.322172 484.935956 455.575138 463.296944
-0.191472 -0.548035 428.098451 -7.010650 7.702065 -6.561359 415.612828 433.821666 465.320462 484.936120 455.572498 463.295041
-0.191468 -0.548011 428.061114 -7.011518 7.703359 -6.570160 415.609643 433.819339 465.319619 484.936201 455.571195 463.294102
-0.191453 -0.547969 427.987119 -7.013183 7.705868 -6.587609 415.603488 433.814841 465.317989 484.936357 455.568678 463.292288
-0.191445 -0.547949 427.950141 -7.014019 7.707126 -6.596330 415.600452 433.812623 465.317185 484.936434 455.567437 463.291393
-0.191421 -0.547915 427.876868 -7.015624 7.709567 -6.613616 415.594588 433.808339 465.315633 484.936583 455.565039 463.289665
-0.191408 -0.547900 427.840252 -7.016430 7.710791 -6.622256 415.591696 433.806226 465.314867 484.936657 455.563856 463.288813
-0.191377 -0.547877 427.767712 -7.017975 7.713165 -6.639377 415.586114 433.802148 465.313390 484.936798 455.561573 463.287168
-0.191360 -0.547867 427.731464 -7.018751 7.714355 -6.647934 415.583363 433.800137 465.312661 484.936868 455.560448 463.286357
-0.191319 -0.547856 427.659666 -7.020239 7.716663 -6.664887 415.578054 433.796258 465.311255 484.937003 455.558277 463.284792
-0.191298 -0.547852 427.623791 -7.020986 7.717820 -6.673359 415.575438 433.794346 465.310563 484.937069 455.557207 463.284021
-0.191249 -0.547854 427.552744 -7.022417 7.720063 -6.690141 415.570393 433.790660 465.309227 484.937197 455.555144 463.282534
-0.191224 -0.547857 427.517248 -7.023136 7.721188 -6.698527 415.567907 433.788844 465.308569 484.937261 455.554128 463.281802
-0.191166 -0.547873 427.446965 -7.024513 7.723369 -6.715136 415.563117 433.785344 465.307301 484.937382 455.552169 463.280390
-0.191137 -0.547883 427.411852 -7.025205 7.724463 -6.723435 415.560757 433.783620 465.306676 484.937442 455.551204 463.279695
-0.191071 -0.547915 427.342342 -7.026530 7.726583 -6.739867 415.556213 433.780300 465.305473 484.937557 455.549346 463.278355
-0.191037 -0.547933 427.307617 -7.027195 7.727645 -6.748077 415.553976 433.778665 465.304881 484.937614 455.548431 463.277696
-0.190963 -0.547981 427.238889 -7.028470 7.729704 -6.764331 415.549669 433.775518 465.303740 484.937724 455.546669 463.276427
-0.190925 -0.548008 427.204559 -7.029110 7.730735 -6.772451 415.547549 433.773969 465.303179 484.937777 455.545802 463.275802
-0.190843 -0.548074 427.136625 -7.030335 7.732735 -6.788523 415.543471 433.770990 465.302100 484.937881 455.544135 463.274600
-0.190801 -0.548110 427.102692 -7.030950 7.733737 -6.796551 415.541465 433.769523 465.301568 484.937932 455.543314 463.274009
-0.190710 -0.548195 427.035561 -7.032127 7.735679 -6.812439 415.537607 433.766705 465.300547 484.938030 455.541737 463.272872
-0.190664 -0.548241 427.002032 -7.032718 7.736652 -6.820374 415.535710 433.765319 465.300045 484.938078 455.540961 463.272313
-0.190565 -0.548347 426.935714 -7.033849 7.738538 -6.836074 415.532065 433.762655 465.299080 484.938171 455.539470 463.271239
-0.190515 -0.548403 426.902593 -7.034417 7.739483 -6.843915 415.530272 433.761346 465.298605 484.938216 455.538737 463.270710
-0.190408 -0.548531 426.837098 -7.035504 7.741314 -6.859425 415.526831 433.758831 465.297694 484.938303 455.537330 463.269696
-0.190354 -0.548598 426.804391 -7.036050 7.742231 -6.867171 415.525140 433.757595 465.297246 484.938346 455.536638 463.269198
-0.190239 -0.548748 426.739729 -7.037094 7.744009 -6.882487 415.521895 433.755225 465.296387 484.938429 455.535312 463.268241
-0.190180 -0.548827 426.707440 -7.037618 7.744899 -6.890136 415.520301 433.754060 465.295965 484.938469 455.534659 463.267771
-0.190057 -0.549001 426.643620 -7.038620 7.746623 -6.905257 415.517245 433.751827 465.295156 484.938547 455.533410 463.266871
-0.189994 -0.549092 426.611755 -7.039123 7.747486 -6.912807 415.515743 433.750730 465.294758 484.938585 455.532796 463.266428
-0.189864 -0.549291 426.548788 -7.040086 7.749160 -6.927729 415.512868 433.748629 465.293997 484.938658 455.531620 463.265581
-0.189797 -0.549396 426.517350 -7.040569 7.749998 -6.935179 415.511456 433.747597 465.293623 484.938694 455.531042 463.265165
-0.189658 -0.549621 426.455243 -7.041493 7.751621 -6.949899 415.508754 433.745623 465.292908 484.938762 455.529937 463.264368
-0.189587 -0.549739 426.424238 -7.041957 7.752434 -6.957247 415.507427 433.744653 465.292557 484.938796 455.529395 463.263977
-0.189440 -0.549992 426.363004 -7.042844 7.754009 -6.971762 415.504891 433.742800 465.291885 484.938860 455.528358 463.263230
-0.189366 -0.550124 426.332437 -7.043288 7.754797 -6.979008 415.503647 433.741891 465.291556 484.938892 455.527849 463.262863
-0.189211 -0.550406 426.272084 -7.044140 7.756325 -6.993316 415.501269 433.740154 465.290926 484.938952 455.526877 463.262163
-0.189132 -0.550552 426.241959 -7.044566 7.757089 -7.000458 415.500103 433.739302 465.290618 484.938982 455.526400 463.261819
-0.188969 -0.550864 426.182495 -7.045382 7.758567 -7.014555 415.497878 433.737676 465.290028 484.939038 455.525490 463.261163
-0.188887 -0.551026 426.152817 -7.045791 7.759308 -7.021591 415.496787 433.736879 465.289739 484.939066 455.525044 463.260842
-0.188716 -0.551369 426.094253 -7.046574 7.760742 -7.035475 415.494706 433.735359 465.289189 484.939119 455.524193 463.260228
-0.188629 -0.551547 426.065027 -7.046967 7.761460 -7.042404 415.493687 433.734614 465.288919 484.939145 455.523776 463.259928
-0.188451 -0.551923 426.007372 -7.047717 7.762851 -7.056072 415.491744 433.733195 465.288404 484.939194 455.522982 463.259356
-0.188360 -0.552117 425.978602 -7.048093 7.763547 -7.062892 415.490793 433.732499 465.288153 484.939218 455.522592 463.259075
-0.188174 -0.552526 425.921865 -7.048814 7.764894 -7.076340 415.488982 433.731176 465.287673 484.939264 455.521852 463.258542
-0.188079 -0.552738 425.893556 -7.049175 7.765568 -7.083050 415.488096 433.730529 465.287439 484.939287 455.521490 463.258280
-0.187885 -0.553182 425.837747 -7.049866 7.766872 -7.096276 415.486411 433.729297 465.286992 484.939330 455.520800 463.257784
-0.187787 -0.553411 425.809903 -7.050213 7.767524 -7.102875 415.485586 433.728695 465.286774 484.939350 455.520463 463.257541
-0.187585 -0.553892 425.755031 -7.050876 7.768788 -7.115877 415.484020 433.727550 465.286359 484.939390 455.519823 463.257079
-0.187482 -0.554139 425.727658 -7.051208 7.769420 -7.122362 415.483254 433.726991 465.286157 484.939410 455.519509 463.256853
-0.187273 -0.554658 425.673730 -7.051842 7.770644 -7.135135 415.481801 433.725929 465.285772 484.939447 455.518915 463.256425
-0.187166 -0.554924 425.646832 -7.052160 7.771256 -7.141506 415.481091 433.725410 465.285584 484.939465 455.518625 463.256216
-0.186949 -0.555481 425.593858 -7.052768 7.772440 -7.154049 415.479745 433.724427 465.285228 484.939499 455.518075 463.255819
-0.186838 -0.555768 425.567438 -7.053073 7.773032 -7.160303 415.479087 433.723947 465.285054 484.939515 455.517806 463.255625
-0.186613 -0.556365 425.515427 -7.053657 7.774179 -7.172612 415.477843 433.723038 465.284724 484.939547 455.517297 463.255259
-0.186499 -0.556672 425.489491 -7.053950 7.774752 -7.178749 415.477236 433.722594 465.284563 484.939562 455.517048 463.255080
-0.186266 -0.557310 425.438451 -7.054511 7.775862 -7.190820 415.476088 433.721755 465.284259 484.939592 455.516579 463.254741
-0.186147 -0.557638 425.413003 -7.054791 7.776417 -7.196838 415.475528 433.721345 465.284111 484.939606 455.516350 463.254576
-0.185906 -0.558320 425.362945 -7.055328 7.777493 -7.208670 415.474470 433.720573 465.283831 484.939633 455.515918 463.254265
-0.185784 -0.558669 425.337989 -7.055596 7.778030 -7.214568 415.473955 433.720196 465.283695 484.939646 455.515707 463.254113
-0.185535 -0.559395 425.288920 -7.056111 7.779071 -7.226157 415.472983 433.719486 465.283437 484.939670 455.515309 463.253826
-0.185409 -0.559767 425.264460 -7.056368 7.779590 -7.231933 415.472509 433.719140 465.283312 484.939682 455.515115 463.253687
-0.185152 -0.560539 425.216389 -7.056862 7.780597 -7.243277 415.471618 433.718489 465.283076 484.939705 455.514751 463.253424
-0.185022 -0.560934 425.192430 -7.057109 7.781099 -7.248929 415.471184 433.718171 465.282961 484.939716 455.514573 463.253296
-0.184757 -0.561753 425.145365 -7.057582 7.782073 -7.260025 415.470368 433.717575 465.282745 484.939737 455.514240 463.253056
-0.184623 -0.562173 425.121910 -7.057819 7.782559 -7.265552 415.469971 433.717285 465.282640 484.939747 455.514077 463.252939
-0.184350 -0.563040 425.075860 -7.058271 7.783500 -7.276397 415.469226 433.716741 465.282443 484.939766 455.513773 463.252719
-0.184212 -0.563484 425.052915 -7.058498 7.783969 -7.281798 415.468864 433.716476 465.282347 484.939775 455.513625 463.252612
-0.183930 -0.564402 425.007888 -7.058931 7.784880 -7.292388 415.468185 433.715981 465.282167 484.939792 455.513347 463.252412
-0.183788 -0.564872 424.985456 -7.059149 7.785335 -7.297661 415.467856 433.715740 465.282080 484.939801 455.513213 463.252315
-0.183499 -0.565842 424.941461 -7.059566 7.786216 -7.307996 415.467239 433.715290 465.281917 484.939816 455.512961 463.252134
-0.183352 -0.566338 424.919548 -7.059773 7.786655 -7.313140 415.466940 433.715071 465.281837 484.939824 455.512838 463.252045
-0.183055 -0.567362 424.876592 -7.060171 7.787506 -7.323214 415.466382 433.714663 465.281690 484.939838 455.512610 463.251881
-0.182904 -0.567885 424.855199 -7.060371 7.787930 -7.328229 415.466111 433.714465 465.281618 484.939845 455.512499 463.251801
-0.182598 -0.568965 424.813290 -7.060754 7.788752 -7.338042 415.465606 433.714096 465.281484 484.939858 455.512293 463.251652
-0.182443 -0.569516 424.792423 -7.060946 7.789162 -7.342925 415.465362 433.713918 465.281420 484.939864 455.512193 463.251580
-0.182129 -0.570653 424.751570 -7.061314 7.789957 -7.352473 415.464907 433.713586 465.281299 484.939875 455.512007 463.251446
-0.181969 -0.571234 424.731233 -7.061496 7.790353 -7.357223 415.464687 433.713425 465.281241 484.939881 455.511917 463.251381
-0.181646 -0.572430 424.691443 -7.061845 7.791119 -7.366505 415.464279 433.713127 465.281133 484.939891 455.511750 463.251261
-0.181483 -0.573040 424.671640 -7.062021 7.791502 -7.371120 415.464082 433.712982 465.281081 484.939896 455.511669 463.251203
-0.181151 -0.574298 424.632921 -7.062357 7.792242 -7.380133 415.463717 433.712716 465.280984 484.939906 455.511520 463.251095
-0.180983 -0.574940 424.613657 -7.062524 7.792613 -7.384614 415.463540 433.712587 465.280937 484.939910 455.511448 463.251043
-0.180642 -0.576260 424.576018 -7.062844 7.793328 -7.393355 415.463214 433.712349 465.280851 484.939918 455.511314 463.250947
-0.180469 -0.576935 424.557296 -7.063004 7.793684 -7.397700 415.463057 433.712234 465.280809 484.939922 455.511250 463.250901
-0.180119 -0.578321 424.520744 -7.063310 7.794374 -7.406167 415.462767 433.712022 465.280733 484.939930 455.511132 463.250816
-0.179942 -0.579028 424.502568 -7.063464 7.794717 -7.410374 415.462628 433.711920 465.280696 484.939933 455.511075 463.250774
-0.179582 -0.580482 424.467110 -7.063757 7.795381 -7.418567 415.462372 433.711733 465.280628 484.939940 455.510970 463.250699
-0.179400 -0.581224 424.449483 -7.063904 7.795712 -7.422636 415.462248 433.711643 465.280595 484.939943 455.510919 463.250663
-0.179031 -0.582747 424.415130 -7.064184 7.796353 -7.430550 415.462022 433.711478 465.280535 484.939949 455.510827 463.250596
-0.178844 -0.583525 424.398058 -7.064323 7.796671 -7.434480 415.461914 433.711398 465.280507 484.939951 455.510783 463.250564
-0.178466 -0.585121 424.364815 -7.064591 7.797288 -7.442117 415.461716 433.711253 465.280454 484.939956 455.510702 463.250506
-0.178274 -0.585935 424.348300 -7.064724 7.797595 -7.445906 415.461620 433.711184 465.280429 484.939959 455.510663 463.250478
-0.177885 -0.587606 424.316177 -7.064977 7.798190 -7.453261 415.461447 433.711057 465.280383 484.939963 455.510592 463.250427
-0.177688 -0.588459 424.300225 -7.065103 7.798487 -7.456909 415.461364 433.710997 465.280361 484.939965 455.510558 463.250402
-0.177288 -0.590208 424.269228 -7.065347 7.799059 -7.463982 415.461214 433.710887 465.280321 484.939969 455.510496 463.250358
-0.177086 -0.591100 424.253842 -7.065467 7.799343 -7.467489 415.461142 433.710834 465.280302 484.939971 455.510467 463.250336
-0.176676 -0.592928 424.223979 -7.065700 7.799893 -7.474279 415.461012 433.710739 465.280268 484.939974 455.510414 463.250298
-0.176468 -0.593861 424.209164 -7.065813 7.800166 -7.477643 415.460950 433.710694 465.280251 484.939976 455.510388 463.250280
-0.176047 -0.595773 424.180443 -7.066032 7.800691 -7.484148 415.460838 433.710612 465.280222 484.939979 455.510343 463.250247
-0.175834 -0.596747 424.166202 -7.066140 7.800952 -7.487369 415.460784 433.710573 465.280208 484.939980 455.510321 463.250231
-0.175402 -0.598744 424.138633 -7.066343 7.801457 -7.493588 415.460689 433.710503 465.280182 484.939983 455.510282 463.250203
-0.175183 -0.599762 424.124971 -7.066446 7.801708 -7.496666 415.460643 433.710470 465.280170 484.939984 455.510263 463.250190
-0.174739 -0.601847 424.098559 -7.066640 7.802192 -7.502598 415.460562 433.710411 465.280149 484.939986 455.510230 463.250166
-0.174515 -0.602910 424.085481 -7.066736 7.802431 -7.505531 415.460524 433.710383 465.280139 484.939987 455.510214 463.250154
-0.174059 -0.605084 424.060238 -7.066921 7.802894 -7.511175 415.460456 433.710333 465.280121 484.939988 455.510186 463.250134
-0.173829 -0.606192 424.047748 -7.067012 7.803124 -7.513964 415.460423 433.710309 465.280112 484.939989 455.510173 463.250125
-0.173362 -0.608458 424.023679 -7.067187 7.803567 -7.519320 415.460366 433.710268 465.280097 484.939991 455.510150 463.250108
-0.173125 -0.609613 424.011781 -7.067273 7.803786 -7.521963 415.460339 433.710248 465.280090 484.939991 455.510139 463.250100
-0.172646 -0.611973 423.988897 -7.067436 7.804208 -7.527030 415.460292 433.710213 465.280077 484.939993 455.510119 463.250086
-0.172403 -0.613176 423.977597 -7.067515 7.804415 -7.529528 415.460269 433.710197 465.280071 484.939993 455.510110 463.250079
-0.171912 -0.615630 423.955907 -7.067666 7.804813 -7.534306 415.460230 433.710168 465.280061 484.939994 455.510094 463.250068
-0.171664 -0.616880 423.945209 -7.067739 7.805011 -7.536657 415.460212 433.710155 465.280056 484.939995 455.510087 463.250063
-0.171161 -0.619429 423.924722 -7.067881 7.805391 -7.541143 415.460180 433.710132 465.280048 484.939995 455.510074 463.250053
-0.170906 -0.620725 423.914632 -7.067950 7.805578 -7.543348 415.460166 433.710121 465.280044 484.939996 455.510068 463.250049
-0.170392 -0.623367 423.895358 -7.068072 7.805937 -7.547545 415.460140 433.710102 465.280037 484.939996 455.510057 463.250041
-0.170132 -0.624710 423.885883 -7.068134 7.806115 -7.549604 415.460128 433.710094 465.280034 484.939997 455.510052 463.250038
-0.169607 -0.627442 423.867832 -7.068251 7.806456 -7.553512 415.460108 433.710079 465.280028 484.939997 455.510044 463.250032
-0.169342 -0.628828 423.858975 -7.068308 7.806623 -7.555425 415.460098 433.710072 465.280026 484.939998 455.510040 463.250029
-0.168807 -0.631644 423.842156 -7.068413 7.806941 -7.559040 415.460082 433.710060 465.280022 484.939998 455.510033 463.250024
-0.168538 -0.633070 423.833924 -7.068465 7.807097 -7.560806 415.460074 433.710054 465.280020 484.939998 455.510030 463.250022
-0.167995 -0.635960 423.818347 -7.068560 7.807396 -7.564131 415.460062 433.710045 465.280016 484.939998 455.510025 463.250018
-0.167723 -0.637421 423.810746 -7.068606 7.807542 -7.565751 415.460056 433.710041 465.280015 484.939999 455.510023 463.250017
-0.167175 -0.640372 423.796420 -7.068690 7.807819 -7.568787 415.460046 433.710034 465.280012 484.939999 455.510019 463.250014
-0.166900 -0.641859 423.789454 -7.068730 7.807955 -7.570259 415.460042 433.710031 465.280011 484.939999 455.510017 463.250012
-0.166350 -0.644851 423.776389 -7.068802 7.808208 -7.573009 415.460035 433.710025 465.280009 484.939999 455.510014 463.250010
-0.166076 -0.646353 423.770063 -7.068837 7.808332 -7.574336 415.460031 433.710023 465.280008 484.939999 455.510013 463.250009
-0.165529 -0.649359 423.758264 -7.068904 7.808565 -7.576799 415.460026 433.710019 465.280007 484.939999 455.510011 463.250008
-0.165257 -0.650859 423.752584 -7.068934 7.808678 -7.577982 415.460023 433.710017 465.280006 484.939999 455.510010 463.250007
-0.164719 -0.653844 423.742052 -7.068987 7.808891 -7.580161 415.460019 433.710014 465.280005 484.940000 455.510008 463.250006
-0.164453 -0.655323 423.737016 -7.069011 7.808995 -7.581201 415.460017 433.710013 465.280005 484.940000 455.510007 463.250005
-0.163932 -0.658240 423.727749 -7.069054 7.809187 -7.583103 415.460014 433.710011 465.280004 484.940000 455.510006 463.250004
-0.163677 -0.659673 423.723356 -7.069074 7.809278 -7.584001 415.460013 433.710010 465.280003 484.940000 455.510005 463.250004
